question_id,db_id,question,predicted_sql,latency_seconds,llm_model,embedding_model,framework,method,parameters,timestamp
1,concert_singer,How many singers do we have ?,SELECT COUNT(*) FROM singer,7.91,deepseek-r1:1.5b,mxbai-embed-large,LlamaIndex,NLSQLTableQueryEngine,"temp=0.3,top_p=0.95,predict=2000",2025-12-07T20:14:17.052085
2,concert_singer,What is the total number of singers ?,SELECT COUNT(DISTINCT Name) FROM singer,2.7403,deepseek-r1:1.5b,mxbai-embed-large,LlamaIndex,NLSQLTableQueryEngine,"temp=0.3,top_p=0.95,predict=2000",2025-12-07T20:14:19.792421
3,concert_singer,"Show name , country , age for all singers ordered by age from the oldest to the youngest .","SELECT Name, Country, Age FROM singer ORDER BY Age DESC",5.0372,deepseek-r1:1.5b,mxbai-embed-large,LlamaIndex,NLSQLTableQueryEngine,"temp=0.3,top_p=0.95,predict=2000",2025-12-07T20:14:24.831425
4,concert_singer,"What are the names , countries , and ages for every singer in descending order of age ?","SELECT singer.Name, singer.Country, singer.Age",4.2134,deepseek-r1:1.5b,mxbai-embed-large,LlamaIndex,NLSQLTableQueryEngine,"temp=0.3,top_p=0.95,predict=2000",2025-12-07T20:14:29.044850
5,concert_singer,"What is the average , minimum , and maximum age of all singers from France ?","This query selects the necessary columns from the 'singer' table, calculates the average age using `AVG()`, finds the minimum age with `MIN()`, and finds the maximum age with `MAX()`. The WHERE clause filters for singers in France.",3.359,deepseek-r1:1.5b,mxbai-embed-large,LlamaIndex,NLSQLTableQueryEngine,"temp=0.3,top_p=0.95,predict=2000",2025-12-07T20:14:32.404875
6,concert_singer,"What is the average , minimum , and maximum age for all French singers ?","SELECT AVG(age), MIN(age), MAX(age) FROM singer WHERE Country = 'France'",3.4369,deepseek-r1:1.5b,mxbai-embed-large,LlamaIndex,NLSQLTableQueryEngine,"temp=0.3,top_p=0.95,predict=2000",2025-12-07T20:14:35.841778
7,concert_singer,Show the name and the release year of the song by the youngest singer .,"SELECT name, year",11.9662,deepseek-r1:1.5b,mxbai-embed-large,LlamaIndex,NLSQLTableQueryEngine,"temp=0.3,top_p=0.95,predict=2000",2025-12-07T20:14:47.807986
8,concert_singer,What are the names and release years for all the songs of the youngest singer ?,"SELECT Name, Country, Song_Name, Song_release_year FROM singer_in_concert WHERE歌手_ID = (SELECT MIN(Singer_ID) FROM singer)",4.0363,deepseek-r1:1.5b,mxbai-embed-large,LlamaIndex,NLSQLTableQueryEngine,"temp=0.3,top_p=0.95,predict=2000",2025-12-07T20:14:51.845271
9,concert_singer,What are all distinct countries where singers above age 20 are from ?,"SELECT DISTINCT 'Country' FROM singer WHERE (SELECT singer_name, singer_age FROM singer WHERE singer_age > 20)",12.4353,deepseek-r1:1.5b,mxbai-embed-large,LlamaIndex,NLSQLTableQueryEngine,"temp=0.3,top_p=0.95,predict=2000",2025-12-07T20:15:04.281605
10,concert_singer,What are the different countries with singers above age 20 ?,SELECT 1,3.7594,deepseek-r1:1.5b,mxbai-embed-large,LlamaIndex,NLSQLTableQueryEngine,"temp=0.3,top_p=0.95,predict=2000",2025-12-07T20:15:08.041001
11,concert_singer,Show all countries and the number of singers in each country .,"SELECT Country, Num_Singers FROM singer_counts",5.8649,deepseek-r1:1.5b,mxbai-embed-large,LlamaIndex,NLSQLTableQueryEngine,"temp=0.3,top_p=0.95,predict=2000",2025-12-07T20:15:13.906954
12,concert_singer,How many singers are from each country ?,"SELECT singer FROM singer_in_concert JOIN singer ON singer_id = singer_singer_id, GROUP BY Country, COUNT(*) as Num_Singers",4.2779,deepseek-r1:1.5b,mxbai-embed-large,LlamaIndex,NLSQLTableQueryEngine,"temp=0.3,top_p=0.95,predict=2000",2025-12-07T20:15:18.185926
13,concert_singer,List all song names by singers above the average age .,"SELECT singer_name, age FROM singer",13.7957,deepseek-r1:1.5b,mxbai-embed-large,LlamaIndex,NLSQLTableQueryEngine,"temp=0.3,top_p=0.95,predict=2000",2025-12-07T20:15:31.981626
14,concert_singer,What are all the song names by singers who are older than average ?,WHERE singer_name IN (SELECT singer_name FROM singer_ages WHERE age > average_age),3.6228,deepseek-r1:1.5b,mxbai-embed-large,LlamaIndex,NLSQLTableQueryEngine,"temp=0.3,top_p=0.95,predict=2000",2025-12-07T20:15:35.604465
15,concert_singer,Show location and name for all stadiums with a capacity between 5000 and 10000 .,"SELECT STATION_ID, Location, Name FROM STANDARDSTEAM",4.2389,deepseek-r1:1.5b,mxbai-embed-large,LlamaIndex,NLSQLTableQueryEngine,"temp=0.3,top_p=0.95,predict=2000",2025-12-07T20:15:39.843361
16,concert_singer,What are the locations and names of all stations with capacity between 5000 and 10000 ?,SELECT 1,15.1603,deepseek-r1:1.5b,mxbai-embed-large,LlamaIndex,NLSQLTableQueryEngine,"temp=0.3,top_p=0.95,predict=2000",2025-12-07T20:15:55.004117
17,concert_singer,What is the maximum capacity and the average of all stadiums ?,"SELECT MAX(capacity) AS MaxCapacity, AVG(capacity) AS AvgCapacity FROM stadium",6.9981,deepseek-r1:1.5b,mxbai-embed-large,LlamaIndex,NLSQLTableQueryEngine,"temp=0.3,top_p=0.95,predict=2000",2025-12-07T20:16:02.002210
18,concert_singer,What is the average and maximum capacities for all stadiums ?,SELECT 1,4.5281,deepseek-r1:1.5b,mxbai-embed-large,LlamaIndex,NLSQLTableQueryEngine,"temp=0.3,top_p=0.95,predict=2000",2025-12-07T20:16:06.530293
19,concert_singer,What is the name and capacity for the stadium with highest average attendance ?,SELECT MAX(Capacity) AS MaxCapacity FROM stadium,6.2893,deepseek-r1:1.5b,mxbai-embed-large,LlamaIndex,NLSQLTableQueryEngine,"temp=0.3,top_p=0.95,predict=2000",2025-12-07T20:16:12.819583
20,concert_singer,What is the name and capacity for the stadium with the highest average attendance ?,SELECT 1,11.3094,deepseek-r1:1.5b,mxbai-embed-large,LlamaIndex,NLSQLTableQueryEngine,"temp=0.3,top_p=0.95,predict=2000",2025-12-07T20:16:24.129974
21,concert_singer,How many concerts are there in year 2014 or 2015 ?,"SELECT COALESCE(COUNT( concert_ID ), 0 ) AS ConcertCount FROM concerts WHERE concert_YEAR > = 2014 AND concert_YEAR < = 2015",4.0535,deepseek-r1:1.5b,mxbai-embed-large,LlamaIndex,NLSQLTableQueryEngine,"temp=0.3,top_p=0.95,predict=2000",2025-12-07T20:16:28.183492
22,concert_singer,How many concerts occurred in 2014 or 2015 ?,SELECT COUNT(*),3.9531,deepseek-r1:1.5b,mxbai-embed-large,LlamaIndex,NLSQLTableQueryEngine,"temp=0.3,top_p=0.95,predict=2000",2025-12-07T20:16:32.136547
23,concert_singer,Show the stadium name and the number of concerts in each stadium .,JOIN (SELECT concert_ID FROM concert) AS cd ON c.stadium_ID = cd.stadium_ID,12.811,deepseek-r1:1.5b,mxbai-embed-large,LlamaIndex,NLSQLTableQueryEngine,"temp=0.3,top_p=0.95,predict=2000",2025-12-07T20:16:44.947547
24,concert_singer,"For each stadium , how many concerts play there ?","SELECT distinct Stadium_ID, COUNT(concert_ID) as ConcertCount FROM concert GROUP BY Stadium_ID",5.0788,deepseek-r1:1.5b,mxbai-embed-large,LlamaIndex,NLSQLTableQueryEngine,"temp=0.3,top_p=0.95,predict=2000",2025-12-07T20:16:50.026393
25,concert_singer,Show the stadium name and capacity with most number of concerts in year 2014 or after .,"SELECT s.StadiumName, s.Capacity FROM stadium s LEFT JOIN concert c ON cconcert_ID = s.stadium_ID LEFT JOIN singer_in_concert si ON siconcert_ID = siconcert_ID LEFT JOIN singer si ON si.name = si.singer_name WHERE c.year > = 2014 ORDER BY capacity DESC LIMIT (MAX(c.year) - 2013)",4.226,deepseek-r1:1.5b,mxbai-embed-large,LlamaIndex,NLSQLTableQueryEngine,"temp=0.3,top_p=0.95,predict=2000",2025-12-07T20:16:54.253652
26,concert_singer,What is the name and capacity of the stadium with the most concerts after 2013 ?,"SELECT concert_name, capacity, COUNT(*) AS total_concerts FROM Concert WHERE year > 2013 \",5.4197,deepseek-r1:1.5b,mxbai-embed-large,LlamaIndex,NLSQLTableQueryEngine,"temp=0.3,top_p=0.95,predict=2000",2025-12-07T20:16:59.673335
27,concert_singer,Which year has most number of concerts ?,SELECT year FROM concert GROUP BY year ORDER BY COUNT(year) DESC,3.824,deepseek-r1:1.5b,mxbai-embed-large,LlamaIndex,NLSQLTableQueryEngine,"temp=0.3,top_p=0.95,predict=2000",2025-12-07T20:17:03.497380
28,concert_singer,What is the year that had the most concerts ?,"SELECT year, CONCAT('Year:', year) AS YearlyConcertCounts",4.7923,deepseek-r1:1.5b,mxbai-embed-large,LlamaIndex,NLSQLTableQueryEngine,"temp=0.3,top_p=0.95,predict=2000",2025-12-07T20:17:08.289697
29,concert_singer,Show the stadium names without any concert .,SELECT 1,15.2116,deepseek-r1:1.5b,mxbai-embed-large,LlamaIndex,NLSQLTableQueryEngine,"temp=0.3,top_p=0.95,predict=2000",2025-12-07T20:17:23.502322
30,concert_singer,What are the names of the stadiums without any concerts ?,SELECT 1,15.19,deepseek-r1:1.5b,mxbai-embed-large,LlamaIndex,NLSQLTableQueryEngine,"temp=0.3,top_p=0.95,predict=2000",2025-12-07T20:17:38.693407
31,concert_singer,Show countries where a singer above age 40 and a singer below 30 are from .,SELECT 1,15.1538,deepseek-r1:1.5b,mxbai-embed-large,LlamaIndex,NLSQLTableQueryEngine,"temp=0.3,top_p=0.95,predict=2000",2025-12-07T20:17:53.847163
32,concert_singer,Show names for all stadiums except for stadiums having a concert in year 2014 .,The SQL query selects the names of all stadiums that do not have any concerts in the year 2014.,4.5522,deepseek-r1:1.5b,mxbai-embed-large,LlamaIndex,NLSQLTableQueryEngine,"temp=0.3,top_p=0.95,predict=2000",2025-12-07T20:17:58.399363
33,concert_singer,What are the names of all stadiums that did not have a concert in 2014 ?,SELECT s.StadiumName,8.8348,deepseek-r1:1.5b,mxbai-embed-large,LlamaIndex,NLSQLTableQueryEngine,"temp=0.3,top_p=0.95,predict=2000",2025-12-07T20:18:07.234694
34,concert_singer,Show the name and theme for all concerts and the number of singers in each concert .,SELECT 1,7.1769,deepseek-r1:1.5b,mxbai-embed-large,LlamaIndex,NLSQLTableQueryEngine,"temp=0.3,top_p=0.95,predict=2000",2025-12-07T20:18:14.411587
35,concert_singer,"What are the names , themes , and number of singers for every concert ?","SELECT concert.Name, concert.Theme, COUNT(Singer_ID) AS SingerCount",3.1204,deepseek-r1:1.5b,mxbai-embed-large,LlamaIndex,NLSQLTableQueryEngine,"temp=0.3,top_p=0.95,predict=2000",2025-12-07T20:18:17.531967
36,concert_singer,List singer names and number of concerts for each singer .,"SELECT singer.Name, COUNT(concert_ID) AS ConcertCount FROM singer_in_concert LEFT JOIN singer ON singer.singer_ID = singer_in_concert.singer_ID",4.4781,deepseek-r1:1.5b,mxbai-embed-large,LlamaIndex,NLSQLTableQueryEngine,"temp=0.3,top_p=0.95,predict=2000",2025-12-07T20:18:22.010083
37,concert_singer,What are the names of the singers and number of concerts for each person ?,SELECT concert-concert_ID AS ConcertCount,4.1401,deepseek-r1:1.5b,mxbai-embed-large,LlamaIndex,NLSQLTableQueryEngine,"temp=0.3,top_p=0.95,predict=2000",2025-12-07T20:18:26.150176
38,concert_singer,List all singer names in concerts in year 2014 .,SELECT Name FROM singer_in_concert WHERE Song_release_year = 2014 LIMIT 0,4.1119,deepseek-r1:1.5b,mxbai-embed-large,LlamaIndex,NLSQLTableQueryEngine,"temp=0.3,top_p=0.95,predict=2000",2025-12-07T20:18:30.262055
39,concert_singer,What are the names of the singers who performed in a concert in 2014 ?,SELECT Name FROM singer_in_concert WHERE concert.Year = '2014',8.282,deepseek-r1:1.5b,mxbai-embed-large,LlamaIndex,NLSQLTableQueryEngine,"temp=0.3,top_p=0.95,predict=2000",2025-12-07T20:18:38.545092
40,concert_singer,what is the name and nation of the singer who have a song having 'Hey ' in its name ?,SELECT 1,15.4687,deepseek-r1:1.5b,mxbai-embed-large,LlamaIndex,NLSQLTableQueryEngine,"temp=0.3,top_p=0.95,predict=2000",2025-12-07T20:18:54.013757
41,concert_singer,What is the name and country of origin of every singer who has a song with the word 'Hey ' in its title ?,SELECT 1,15.6974,deepseek-r1:1.5b,mxbai-embed-large,LlamaIndex,NLSQLTableQueryEngine,"temp=0.3,top_p=0.95,predict=2000",2025-12-07T20:19:09.711163
42,concert_singer,Find the name and location of the stadiums which some concerts happened in the years of both 2014 and 2015 .,SELECT 1,15.4865,deepseek-r1:1.5b,mxbai-embed-large,LlamaIndex,NLSQLTableQueryEngine,"temp=0.3,top_p=0.95,predict=2000",2025-12-07T20:19:25.197641
43,concert_singer,What are the names and locations of the stadiums that had concerts that occurred in both 2014 and 2015 ?,"LEFT JOIN (SELECT concert FROM concert WHERE Year IN (2014, 2015)) cct2",7.9436,deepseek-r1:1.5b,mxbai-embed-large,LlamaIndex,NLSQLTableQueryEngine,"temp=0.3,top_p=0.95,predict=2000",2025-12-07T20:19:33.141288
44,concert_singer,Find the number of concerts happened in the stadium with the highest capacity .,SELECT MAX(Capacity) FROM stadium,3.4364,deepseek-r1:1.5b,mxbai-embed-large,LlamaIndex,NLSQLTableQueryEngine,"temp=0.3,top_p=0.95,predict=2000",2025-12-07T20:19:36.577691
45,concert_singer,What are the number of concerts that occurred in the stadium with the largest capacity ?,SELECT MAX(Capacity) FROM stadium,3.7105,deepseek-r1:1.5b,mxbai-embed-large,LlamaIndex,NLSQLTableQueryEngine,"temp=0.3,top_p=0.95,predict=2000",2025-12-07T20:19:40.288197
46,pets_1,Find the number of pets whose weight is heavier than 10 .,SELECT COUNT(*) FROM pets WHERE weight > 10,3.7386,deepseek-r1:1.5b,mxbai-embed-large,LlamaIndex,NLSQLTableQueryEngine,"temp=0.3,top_p=0.95,predict=2000",2025-12-07T20:19:44.026772
47,pets_1,How many pets have a greater weight than 10 ?,SELECT COUNT(*) FROM pets WHERE pet_weight > 10,2.7556,deepseek-r1:1.5b,mxbai-embed-large,LlamaIndex,NLSQLTableQueryEngine,"temp=0.3,top_p=0.95,predict=2000",2025-12-07T20:19:46.782356
48,pets_1,Find the weight of the youngest dog .,SELECT w-weight FROM pets AS p WHERE p.PetID = (SELECT MIN(p PetID) FROM pets p),2.265,deepseek-r1:1.5b,mxbai-embed-large,LlamaIndex,NLSQLTableQueryEngine,"temp=0.3,top_p=0.95,predict=2000",2025-12-07T20:19:49.048506
49,pets_1,How much does the youngest dog weigh ?,SELECT MIN(pets-weight) AS YoungestDogWeight,4.5293,deepseek-r1:1.5b,mxbai-embed-large,LlamaIndex,NLSQLTableQueryEngine,"temp=0.3,top_p=0.95,predict=2000",2025-12-07T20:19:53.577773
50,pets_1,Find the maximum weight for each type of pet . List the maximum weight and pet type .,"SELECT StuID, PetID, PetType, weight",8.2936,deepseek-r1:1.5b,mxbai-embed-large,LlamaIndex,NLSQLTableQueryEngine,"temp=0.3,top_p=0.95,predict=2000",2025-12-07T20:20:01.871411
51,pets_1,List the maximum weight and type for each type of pet .,SELECT 1,6.4299,deepseek-r1:1.5b,mxbai-embed-large,LlamaIndex,NLSQLTableQueryEngine,"temp=0.3,top_p=0.95,predict=2000",2025-12-07T20:20:08.302334
52,pets_1,Find number of pets owned by students who are older than 20 .,SELECT COUNT(*) AS NumberOfPets,4.6684,deepseek-r1:1.5b,mxbai-embed-large,LlamaIndex,NLSQLTableQueryEngine,"temp=0.3,top_p=0.95,predict=2000",2025-12-07T20:20:12.970772
53,pets_1,How many pets are owned by students that have an age greater than 20 ?,SELECT 1,15.3557,deepseek-r1:1.5b,mxbai-embed-large,LlamaIndex,NLSQLTableQueryEngine,"temp=0.3,top_p=0.95,predict=2000",2025-12-07T20:20:28.327496
54,pets_1,Find the number of dog pets that are raised by female students ( with sex F ) .,SELECT COUNT(*) AS NumberOfDogPetsRaisedByFemales,6.4111,deepseek-r1:1.5b,mxbai-embed-large,LlamaIndex,NLSQLTableQueryEngine,"temp=0.3,top_p=0.95,predict=2000",2025-12-07T20:20:34.738598
55,pets_1,How many dog pets are raised by female students ?,CROSS JOIN (SELECT PetType FROM Pets) AS Pets,3.2616,deepseek-r1:1.5b,mxbai-embed-large,LlamaIndex,NLSQLTableQueryEngine,"temp=0.3,top_p=0.95,predict=2000",2025-12-07T20:20:38.000245
56,pets_1,Find the number of distinct type of pets .,SELECT COUNT(*) FROM pets WHERE column = 'PetType',3.6512,deepseek-r1:1.5b,mxbai-embed-large,LlamaIndex,NLSQLTableQueryEngine,"temp=0.3,top_p=0.95,predict=2000",2025-12-07T20:20:41.651472
57,pets_1,How many different types of pet are there ?,SELECT COUNT(DISTINCT PetType) FROM pets,3.8665,deepseek-r1:1.5b,mxbai-embed-large,LlamaIndex,NLSQLTableQueryEngine,"temp=0.3,top_p=0.95,predict=2000",2025-12-07T20:20:45.518463
58,pets_1,Find the first name of students who have cat or dog pet .,"SELECT LName FROM Student WHERE (SELECT PetType FROM Pet WHERE foreignkey = [PetID] AND PetType IN ('cat', 'dog') )",2.669,deepseek-r1:1.5b,mxbai-embed-large,LlamaIndex,NLSQLTableQueryEngine,"temp=0.3,top_p=0.95,predict=2000",2025-12-07T20:20:48.187470
59,pets_1,What are the first names of every student who has a cat or dog as a pet ?,SELECT 1,15.9629,deepseek-r1:1.5b,mxbai-embed-large,LlamaIndex,NLSQLTableQueryEngine,"temp=0.3,top_p=0.95,predict=2000",2025-12-07T20:21:04.150392
60,pets_1,Find the first name of students who have both cat and dog pets .,"WHERE (SELECT StuID FROM pets WHERE PetType IN ('cat', 'dog'))",3.4432,deepseek-r1:1.5b,mxbai-embed-large,LlamaIndex,NLSQLTableQueryEngine,"temp=0.3,top_p=0.95,predict=2000",2025-12-07T20:21:07.594581
61,pets_1,What are the students ' first names who have both cats and dogs as pets ?,SELECT LName,5.7255,deepseek-r1:1.5b,mxbai-embed-large,LlamaIndex,NLSQLTableQueryEngine,"temp=0.3,top_p=0.95,predict=2000",2025-12-07T20:21:13.320106
62,pets_1,Find the major and age of students who do not have a cat pet .,SELECT 1,3.2546,deepseek-r1:1.5b,mxbai-embed-large,LlamaIndex,NLSQLTableQueryEngine,"temp=0.3,top_p=0.95,predict=2000",2025-12-07T20:21:16.574662
63,pets_1,"What major is every student who does not own a cat as a pet , and also how old are they ?","SELECT p.StuID, p.PetID, p.PetType, p.pet_age FROM pets p JOIN Student s ON p.StuID = s.StuID WHERE p.PetType = 'cat'",2.5147,deepseek-r1:1.5b,mxbai-embed-large,LlamaIndex,NLSQLTableQueryEngine,"temp=0.3,top_p=0.95,predict=2000",2025-12-07T20:21:19.090387
64,pets_1,Find the id of students who do not have a cat pet .,SELECT STUID FROM (SELECT * FROM Student JOIN pets ON Student.PetID = pets.PetID) WHERE pets.PetType = 'cat',3.6053,deepseek-r1:1.5b,mxbai-embed-large,LlamaIndex,NLSQLTableQueryEngine,"temp=0.3,top_p=0.95,predict=2000",2025-12-07T20:21:22.695695
65,pets_1,What are the ids of the students who do not own cats as pets ?,SELECT 1,15.9057,deepseek-r1:1.5b,mxbai-embed-large,LlamaIndex,NLSQLTableQueryEngine,"temp=0.3,top_p=0.95,predict=2000",2025-12-07T20:21:38.602432
66,pets_1,Find the first name and age of students who have a dog but do not have a cat as a pet .,SELECT S.StuID AS StudentID,11.3095,deepseek-r1:1.5b,mxbai-embed-large,LlamaIndex,NLSQLTableQueryEngine,"temp=0.3,top_p=0.95,predict=2000",2025-12-07T20:21:49.911942
67,pets_1,What is the first name of every student who has a dog but does not have a cat ?,SELECT LName FROM Student WHERE (SELECT COUNT(*) FROM (SELECT PetID AS PetID FROM pets) WHERE (SELECT COUNT(*) FROM (SELECT PetID AS PetID FROM pets) AS CatPetCount) > 0 AND (SELECT COUNT(*) FROM (SELECT PetID AS PetID FROM pets) WHERE PetType = 'Dog') > 0) > = 1,4.154,deepseek-r1:1.5b,mxbai-embed-large,LlamaIndex,NLSQLTableQueryEngine,"temp=0.3,top_p=0.95,predict=2000",2025-12-07T20:21:54.065942
68,pets_1,Find the type and weight of the youngest pet .,SELECT stuID FROM students WHERE sex = 'youngest',4.7925,deepseek-r1:1.5b,mxbai-embed-large,LlamaIndex,NLSQLTableQueryEngine,"temp=0.3,top_p=0.95,predict=2000",2025-12-07T20:21:58.858489
69,pets_1,"What type of pet is the youngest animal , and how much does it weigh ?","SELECT PetType, pet_age FROM 'Pet' WHERE StuID = (SELECT MIN(Age) AS minAge FROM 'Student' WHERE StudentID IS NOT NULL)",2.9701,deepseek-r1:1.5b,mxbai-embed-large,LlamaIndex,NLSQLTableQueryEngine,"temp=0.3,top_p=0.95,predict=2000",2025-12-07T20:22:01.828615
70,pets_1,Find the id and weight of all pets whose age is older than 1 .,"SELECT id, weight FROM pets WHERE pet_age > 1",3.0449,deepseek-r1:1.5b,mxbai-embed-large,LlamaIndex,NLSQLTableQueryEngine,"temp=0.3,top_p=0.95,predict=2000",2025-12-07T20:22:04.873548
71,pets_1,What is the id and weight of every pet who is older than 1 ?,"SELECT StuID, weight FROM Student, pets WHERE s.StuID = p.StuID AND p.age > 1",3.8098,deepseek-r1:1.5b,mxbai-embed-large,LlamaIndex,NLSQLTableQueryEngine,"temp=0.3,top_p=0.95,predict=2000",2025-12-07T20:22:08.683311
72,pets_1,Find the average and maximum age for each type of pet .,Answer: The SQL query selects the pet type along with the average and maximum age of pets per type.,4.8254,deepseek-r1:1.5b,mxbai-embed-large,LlamaIndex,NLSQLTableQueryEngine,"temp=0.3,top_p=0.95,predict=2000",2025-12-07T20:22:13.508672
73,pets_1,What is the average and maximum age for each pet type ?,SELECT 1,16.1586,deepseek-r1:1.5b,mxbai-embed-large,LlamaIndex,NLSQLTableQueryEngine,"temp=0.3,top_p=0.95,predict=2000",2025-12-07T20:22:29.667283
74,pets_1,Find the average weight for each pet type .,"SELECT PetType, AVG(Weight) as AverageWeight from pets",4.4764,deepseek-r1:1.5b,mxbai-embed-large,LlamaIndex,NLSQLTableQueryEngine,"temp=0.3,top_p=0.95,predict=2000",2025-12-07T20:22:34.143647
75,pets_1,What is the average weight for each type of pet ?,"SELECT PetType, AVG(pet_age) AS Average_PetWeight FROM pets GROUP BY PetType",4.3573,deepseek-r1:1.5b,mxbai-embed-large,LlamaIndex,NLSQLTableQueryEngine,"temp=0.3,top_p=0.95,predict=2000",2025-12-07T20:22:38.501983
76,pets_1,Find the first name and age of students who have a pet .,Answer: The query selects the first name (LName) and age from the Student table where each student has a corresponding Pet ID in the Pets table.,4.4743,deepseek-r1:1.5b,mxbai-embed-large,LlamaIndex,NLSQLTableQueryEngine,"temp=0.3,top_p=0.95,predict=2000",2025-12-07T20:22:42.976298
77,pets_1,What are the different first names and ages of the students who do have pets ?,"SELECT LName, Age FROM Student WHERE EXISTS('Has_Pet', PetID) AND (SELECT PetID FROM pets)",3.2058,deepseek-r1:1.5b,mxbai-embed-large,LlamaIndex,NLSQLTableQueryEngine,"temp=0.3,top_p=0.95,predict=2000",2025-12-07T20:22:46.182118
78,pets_1,Find the id of the pet owned by student whose last name is ‘Smith’ .,SELECT 1,16.1327,deepseek-r1:1.5b,mxbai-embed-large,LlamaIndex,NLSQLTableQueryEngine,"temp=0.3,top_p=0.95,predict=2000",2025-12-07T20:23:02.315831
79,pets_1,What is the id of the pet owned by the student whose last name is 'Smith ' ?,SELECT StuID FROM Students WHERE LName LIKE '%Smith%',3.271,deepseek-r1:1.5b,mxbai-embed-large,LlamaIndex,NLSQLTableQueryEngine,"temp=0.3,top_p=0.95,predict=2000",2025-12-07T20:23:05.587873
80,pets_1,Find the number of pets for each student who has any pet and student id .,SELECT 1,13.155,deepseek-r1:1.5b,mxbai-embed-large,LlamaIndex,NLSQLTableQueryEngine,"temp=0.3,top_p=0.95,predict=2000",2025-12-07T20:23:18.742848
81,pets_1,"For students who have pets , how many pets does each student have ? list their ids instead of names .","SELECT StuID, COUNT(DISTINCT PetID) AS PetCount",5.5386,deepseek-r1:1.5b,mxbai-embed-large,LlamaIndex,NLSQLTableQueryEngine,"temp=0.3,top_p=0.95,predict=2000",2025-12-07T20:23:24.281493
82,pets_1,Find the first name and gender of student who have more than one pet .,Answer: The SQL query selects the first names (STAs) and genders (FTA) from the 'Student' table where each student has more than one pet.,3.532,deepseek-r1:1.5b,mxbai-embed-large,LlamaIndex,NLSQLTableQueryEngine,"temp=0.3,top_p=0.95,predict=2000",2025-12-07T20:23:27.813475
83,pets_1,What is the first name and gender of the all the students who have more than one pet ?,"SELECT LName, Fname",4.7784,deepseek-r1:1.5b,mxbai-embed-large,LlamaIndex,NLSQLTableQueryEngine,"temp=0.3,top_p=0.95,predict=2000",2025-12-07T20:23:32.591839
84,pets_1,Find the last name of the student who has a cat that is age 3 .,SELECT LName FROM Student WHERE (PetType = 'Cat' AND Age = 3 AND EXISTS(Select PETID From Pet Where PetType = 'Cat' And Age = 3) AND StuID In (SELECT StuID From Student WHERE PetID = PETID)),4.3859,deepseek-r1:1.5b,mxbai-embed-large,LlamaIndex,NLSQLTableQueryEngine,"temp=0.3,top_p=0.95,predict=2000",2025-12-07T20:23:36.977731
85,pets_1,What is the last name of the student who has a cat that is 3 years old ?,SELECT S.LName,7.9763,deepseek-r1:1.5b,mxbai-embed-large,LlamaIndex,NLSQLTableQueryEngine,"temp=0.3,top_p=0.95,predict=2000",2025-12-07T20:23:44.954045
86,pets_1,Find the average age of students who do not have any pet .,WHERE NOT EXISTS (SELECT PetID FROM Pet),3.6764,deepseek-r1:1.5b,mxbai-embed-large,LlamaIndex,NLSQLTableQueryEngine,"temp=0.3,top_p=0.95,predict=2000",2025-12-07T20:23:48.630441
87,pets_1,What is the average age for all students who do not own any pets ?,SELECT AVG(Age) AS avg_age FROM Student WHERE NOT EXISTS (SELECT PetID FROM pets WHERE PetID IN (SELECT StuID FROM Student)),7.0585,deepseek-r1:1.5b,mxbai-embed-large,LlamaIndex,NLSQLTableQueryEngine,"temp=0.3,top_p=0.95,predict=2000",2025-12-07T20:23:55.688964
88,employee_hire_evaluation,How many employees are there ?,SELECT COUNT(Employee_ID) FROM employee,2.26,deepseek-r1:1.5b,mxbai-embed-large,LlamaIndex,NLSQLTableQueryEngine,"temp=0.3,top_p=0.95,predict=2000",2025-12-07T20:23:57.948997
89,employee_hire_evaluation,Count the number of employees,SELECT COUNT(Employee_ID) FROM employee,3.2013,deepseek-r1:1.5b,mxbai-embed-large,LlamaIndex,NLSQLTableQueryEngine,"temp=0.3,top_p=0.95,predict=2000",2025-12-07T20:24:01.150287
90,employee_hire_evaluation,Sort employee names by their age in ascending order .,"SELECT Employee_ID, Name, Age FROM employee WHERE City = 'New York' ORDER BY Age ASC",3.2478,deepseek-r1:1.5b,mxbai-embed-large,LlamaIndex,NLSQLTableQueryEngine,"temp=0.3,top_p=0.95,predict=2000",2025-12-07T20:24:04.399077
91,employee_hire_evaluation,List the names of employees and sort in ascending order of age .,SELECT Name FROM employee ORDER BY Age ASC,3.7137,deepseek-r1:1.5b,mxbai-embed-large,LlamaIndex,NLSQLTableQueryEngine,"temp=0.3,top_p=0.95,predict=2000",2025-12-07T20:24:08.115315
92,employee_hire_evaluation,What is the number of employees from each city ?,"WITH CityCount AS (SELECT Employee_ID, City FROM employee GROUP BY Employee_ID HAVING COUNT(*) = 1), SELECT City, COUNT(Employee_ID) AS CountFromCity FROM CityCount",3.8872,deepseek-r1:1.5b,mxbai-embed-large,LlamaIndex,NLSQLTableQueryEngine,"temp=0.3,top_p=0.95,predict=2000",2025-12-07T20:24:12.002542
93,employee_hire_evaluation,Count the number of employees for each city .,SELECT COUNT(Employee_ID) AS EmployeeCount FROM employee GROUP BY City,2.7018,deepseek-r1:1.5b,mxbai-embed-large,LlamaIndex,NLSQLTableQueryEngine,"temp=0.3,top_p=0.95,predict=2000",2025-12-07T20:24:14.705338
94,employee_hire_evaluation,Which cities do more than one employee under age 30 come from ?,"SELECT City, COUNT(*) AS NumberOfEmployeesFromCity FROM employee JOIN employee ON e1.Employee_ID = e2.Employee_ID WHERE e1.Age < 30 GROUP BY City ORDER BY COUNT(*) DESC",4.4384,deepseek-r1:1.5b,mxbai-embed-large,LlamaIndex,NLSQLTableQueryEngine,"temp=0.3,top_p=0.95,predict=2000",2025-12-07T20:24:19.144796
95,employee_hire_evaluation,Find the cities that have more than one employee under age 30 .,SELECT City FROM shop WHERE (SELECT COUNT(*) From employee WHERE Employee_ID = shop.City) > 1,3.954,deepseek-r1:1.5b,mxbai-embed-large,LlamaIndex,NLSQLTableQueryEngine,"temp=0.3,top_p=0.95,predict=2000",2025-12-07T20:24:23.098823
96,employee_hire_evaluation,Find the number of shops in each location .,"SELECT Location, COUNT(*) AS Number_ofShops FROM shop",3.0337,deepseek-r1:1.5b,mxbai-embed-large,LlamaIndex,NLSQLTableQueryEngine,"temp=0.3,top_p=0.95,predict=2000",2025-12-07T20:24:26.132517
97,employee_hire_evaluation,How many shops are there in each location ?,SELECT Location FROM shop GROUP BY Location,3.5211,deepseek-r1:1.5b,mxbai-embed-large,LlamaIndex,NLSQLTableQueryEngine,"temp=0.3,top_p=0.95,predict=2000",2025-12-07T20:24:29.653608
98,employee_hire_evaluation,Find the manager name and district of the shop whose number of products is the largest .,SELECT 1,15.8119,deepseek-r1:1.5b,mxbai-embed-large,LlamaIndex,NLSQLTableQueryEngine,"temp=0.3,top_p=0.95,predict=2000",2025-12-07T20:24:45.465485
99,employee_hire_evaluation,What are the manager name and district of the shop that sells the largest number of products ?,SELECT 1,16.3059,deepseek-r1:1.5b,mxbai-embed-large,LlamaIndex,NLSQLTableQueryEngine,"temp=0.3,top_p=0.95,predict=2000",2025-12-07T20:25:01.772415
100,employee_hire_evaluation,find the minimum and maximum number of products of all stores .,"SELECT Employee_ID, COUNT(1) AS ProductCountPerStore",16.0042,deepseek-r1:1.5b,mxbai-embed-large,LlamaIndex,NLSQLTableQueryEngine,"temp=0.3,top_p=0.95,predict=2000",2025-12-07T20:25:17.776643
101,employee_hire_evaluation,What are the minimum and maximum number of products across all the shops ?,"SELECT MIN(Number_products), MAX(Number_products) AS Max FROM shop",3.3918,deepseek-r1:1.5b,mxbai-embed-large,LlamaIndex,NLSQLTableQueryEngine,"temp=0.3,top_p=0.95,predict=2000",2025-12-07T20:25:21.169459
102,employee_hire_evaluation,"Return the name , location and district of all shops in descending order of number of products .","SELECT Name, Location, District FROM shop",12.9167,deepseek-r1:1.5b,mxbai-embed-large,LlamaIndex,NLSQLTableQueryEngine,"temp=0.3,top_p=0.95,predict=2000",2025-12-07T20:25:34.086195
103,employee_hire_evaluation,"Sort all the shops by number products in descending order , and return the name , location and district of each shop .","SELECT Name, Location, District FROM shop WHERE Number_products DESC",3.2448,deepseek-r1:1.5b,mxbai-embed-large,LlamaIndex,NLSQLTableQueryEngine,"temp=0.3,top_p=0.95,predict=2000",2025-12-07T20:25:37.332046
104,employee_hire_evaluation,Find the names of stores whose number products is more than the average number of products .,SELECT Name FROM shop WHERE Number_products > (AVG(Number_products)),3.7621,deepseek-r1:1.5b,mxbai-embed-large,LlamaIndex,NLSQLTableQueryEngine,"temp=0.3,top_p=0.95,predict=2000",2025-12-07T20:25:41.094115
105,employee_hire_evaluation,Which shops ' number products is above the average ? Give me the shop names .,SELECT 1,5.0338,deepseek-r1:1.5b,mxbai-embed-large,LlamaIndex,NLSQLTableQueryEngine,"temp=0.3,top_p=0.95,predict=2000",2025-12-07T20:25:46.127910
106,employee_hire_evaluation,find the name of employee who was awarded the most times in the evaluation .,SELECT 1,12.9201,deepseek-r1:1.5b,mxbai-embed-large,LlamaIndex,NLSQLTableQueryEngine,"temp=0.3,top_p=0.95,predict=2000",2025-12-07T20:25:59.049086
107,employee_hire_evaluation,Which employee received the most awards in evaluations ? Give me the employee name .,"SELECT Employee_ID, COUNT(Bonus) AS Award_Count FROM evaluation GROUP BY Employee_ID ORDER BY Award_Count DESC",3.6683,deepseek-r1:1.5b,mxbai-embed-large,LlamaIndex,NLSQLTableQueryEngine,"temp=0.3,top_p=0.95,predict=2000",2025-12-07T20:26:02.717376
108,employee_hire_evaluation,Find the name of the employee who got the highest one time bonus .,WHERE evaluation.Employee_ID = employee.Employee_ID) AND Bonus = (SELECT MAX(Bonus) FROM evaluation,3.396,deepseek-r1:1.5b,mxbai-embed-large,LlamaIndex,NLSQLTableQueryEngine,"temp=0.3,top_p=0.95,predict=2000",2025-12-07T20:26:06.113379
109,employee_hire_evaluation,Which employee received the biggest bonus ? Give me the employee name .,SELECT e.Name FROM (SELECT MAX(e.Bonus) AS max_bonus FROM employee) AS temp_e,4.4187,deepseek-r1:1.5b,mxbai-embed-large,LlamaIndex,NLSQLTableQueryEngine,"temp=0.3,top_p=0.95,predict=2000",2025-12-07T20:26:10.533089
110,employee_hire_evaluation,Find the names of employees who never won any award in the evaluation .,'evaluation'.Winner FOR UPDATE evaluation,4.1501,deepseek-r1:1.5b,mxbai-embed-large,LlamaIndex,NLSQLTableQueryEngine,"temp=0.3,top_p=0.95,predict=2000",2025-12-07T20:26:14.683223
111,employee_hire_evaluation,What are the names of the employees who never received any evaluation ?,SELECT Bonus AS exists_bonus,5.0072,deepseek-r1:1.5b,mxbai-embed-large,LlamaIndex,NLSQLTableQueryEngine,"temp=0.3,top_p=0.95,predict=2000",2025-12-07T20:26:19.690422
112,employee_hire_evaluation,What is the name of the shop that is hiring the largest number of employees ?,SELECT Name FROM Hiring GROUP BY Shop_ID ORDER BY COUNT(*) DESC,3.0444,deepseek-r1:1.5b,mxbai-embed-large,LlamaIndex,NLSQLTableQueryEngine,"temp=0.3,top_p=0.95,predict=2000",2025-12-07T20:26:22.736281
113,employee_hire_evaluation,Which shop has the most employees ? Give me the shop name .,"SELECT s.Shop_ID AS ShopName,",3.892,deepseek-r1:1.5b,mxbai-embed-large,LlamaIndex,NLSQLTableQueryEngine,"temp=0.3,top_p=0.95,predict=2000",2025-12-07T20:26:26.628251
114,employee_hire_evaluation,Find the name of the shops that do not hire any employee .,SELECT s.Name FROM shop s WHERE NOT EXISTS (SELECT e.ID FROM employee e),3.3414,deepseek-r1:1.5b,mxbai-embed-large,LlamaIndex,NLSQLTableQueryEngine,"temp=0.3,top_p=0.95,predict=2000",2025-12-07T20:26:29.969673
115,employee_hire_evaluation,Which shops run with no employees ? Find the shop names,SELECT Name FROM shop WHERE Employee_ID = NULL,2.4903,deepseek-r1:1.5b,mxbai-embed-large,LlamaIndex,NLSQLTableQueryEngine,"temp=0.3,top_p=0.95,predict=2000",2025-12-07T20:26:32.460929
116,employee_hire_evaluation,Find the number of employees hired in each shop ; show the shop name as well .,"SELECT COUNT(Employee_ID) AS EmployeeCount, Shop_Name FROM hiring LEFT JOIN employee ON hiring.Employee_ID = employee.Employee_ID GROUP BY Shop_ID ORDER BY Shop_Name",4.2795,deepseek-r1:1.5b,mxbai-embed-large,LlamaIndex,NLSQLTableQueryEngine,"temp=0.3,top_p=0.95,predict=2000",2025-12-07T20:26:36.740469
117,employee_hire_evaluation,"For each shop , return the number of employees working there and the name of the shop .",SELECT COUNT(*) AS count_employees FROM shop,3.6458,deepseek-r1:1.5b,mxbai-embed-large,LlamaIndex,NLSQLTableQueryEngine,"temp=0.3,top_p=0.95,predict=2000",2025-12-07T20:26:40.387323
118,employee_hire_evaluation,What is total bonus given in all evaluations ?,SELECT SUM(Bonus) AS TotalBonus FROM eval LEFT JOIN employee,7.3407,deepseek-r1:1.5b,mxbai-embed-large,LlamaIndex,NLSQLTableQueryEngine,"temp=0.3,top_p=0.95,predict=2000",2025-12-07T20:26:47.728007
119,employee_hire_evaluation,Find the total amount of bonus given in all the evaluations .,SELECT SUM(Bonus) FROM evaluation,2.5844,deepseek-r1:1.5b,mxbai-embed-large,LlamaIndex,NLSQLTableQueryEngine,"temp=0.3,top_p=0.95,predict=2000",2025-12-07T20:26:50.313423
120,employee_hire_evaluation,Give me all the information about hiring .,"SELECT Shop_ID, Employee_ID, Start_from, Is_full_time FROM hiring",7.205,deepseek-r1:1.5b,mxbai-embed-large,LlamaIndex,NLSQLTableQueryEngine,"temp=0.3,top_p=0.95,predict=2000",2025-12-07T20:26:57.518792
121,employee_hire_evaluation,What is all the information about hiring ?,"SELECT Shop_ID, Employee_ID, Start_from, Is_full_time FROM hiring",3.8368,deepseek-r1:1.5b,mxbai-embed-large,LlamaIndex,NLSQLTableQueryEngine,"temp=0.3,top_p=0.95,predict=2000",2025-12-07T20:27:01.355558
122,employee_hire_evaluation,Which district has both stores with less than 3000 products and stores with more than 10000 products ?,SELECT 1,15.6415,deepseek-r1:1.5b,mxbai-embed-large,LlamaIndex,NLSQLTableQueryEngine,"temp=0.3,top_p=0.95,predict=2000",2025-12-07T20:27:16.997056
123,employee_hire_evaluation,Find the districts in which there are both shops selling less than 3000 products and shops selling more than 10000 products .,SELECT DISTINCT District FROM shop,4.8967,deepseek-r1:1.5b,mxbai-embed-large,LlamaIndex,NLSQLTableQueryEngine,"temp=0.3,top_p=0.95,predict=2000",2025-12-07T20:27:21.893753
124,employee_hire_evaluation,How many different store locations are there ?,SELECT COUNT(DISTINCT Location) FROM shop,2.2854,deepseek-r1:1.5b,mxbai-embed-large,LlamaIndex,NLSQLTableQueryEngine,"temp=0.3,top_p=0.95,predict=2000",2025-12-07T20:27:24.179141
125,employee_hire_evaluation,Count the number of distinct store locations .,SELECT COUNT(DISTINCT Location) FROM shop,2.1872,deepseek-r1:1.5b,mxbai-embed-large,LlamaIndex,NLSQLTableQueryEngine,"temp=0.3,top_p=0.95,predict=2000",2025-12-07T20:27:26.366351
126,orchestra,How many conductors are there ?,SELECT COUNT(Conductor_ID) FROM conductor,2.5854,deepseek-r1:1.5b,mxbai-embed-large,LlamaIndex,NLSQLTableQueryEngine,"temp=0.3,top_p=0.95,predict=2000",2025-12-07T20:27:28.951741
127,orchestra,Count the number of conductors .,Answer: SELECT COUNT(*) FROM conductor,3.3939,deepseek-r1:1.5b,mxbai-embed-large,LlamaIndex,NLSQLTableQueryEngine,"temp=0.3,top_p=0.95,predict=2000",2025-12-07T20:27:32.345602
128,orchestra,List the names of conductors in ascending order of age .,SELECT Name FROM conductor ORDER BY Age ASC LIMIT 5,4.3326,deepseek-r1:1.5b,mxbai-embed-large,LlamaIndex,NLSQLTableQueryEngine,"temp=0.3,top_p=0.95,predict=2000",2025-12-07T20:27:36.678216
129,orchestra,"What are the names of conductors , ordered by age ?",SELECT Name FROM conductor ORDER BY Age,3.2942,deepseek-r1:1.5b,mxbai-embed-large,LlamaIndex,NLSQLTableQueryEngine,"temp=0.3,top_p=0.95,predict=2000",2025-12-07T20:27:39.972911
130,orchestra,What are the names of conductors whose nationalities are not `` USA '' ?,SELECT Name FROM conductor WHERE Nationality != 'USA',4.104,deepseek-r1:1.5b,mxbai-embed-large,LlamaIndex,NLSQLTableQueryEngine,"temp=0.3,top_p=0.95,predict=2000",2025-12-07T20:27:44.076883
131,orchestra,Return the names of conductors that do not have the nationality `` USA '' .,SELECT 1,3.7244,deepseek-r1:1.5b,mxbai-embed-large,LlamaIndex,NLSQLTableQueryEngine,"temp=0.3,top_p=0.95,predict=2000",2025-12-07T20:27:47.801312
132,orchestra,What are the record companies of orchestras in descending order of years in which they were founded ?,"SELECT Name,",5.8096,deepseek-r1:1.5b,mxbai-embed-large,LlamaIndex,NLSQLTableQueryEngine,"temp=0.3,top_p=0.95,predict=2000",2025-12-07T20:27:53.610876
133,orchestra,"Return the record companies of orchestras , sorted descending by the years in which they were founded .",SELECT Orchestra FROM orchestra ORDER BY Year_of_Founded DESC,3.8731,deepseek-r1:1.5b,mxbai-embed-large,LlamaIndex,NLSQLTableQueryEngine,"temp=0.3,top_p=0.95,predict=2000",2025-12-07T20:27:57.483976
134,orchestra,What is the average attendance of shows ?,SELECT AVG(total_attendance / COUNT(pf_p_id)) AS average_attendance,5.6522,deepseek-r1:1.5b,mxbai-embed-large,LlamaIndex,NLSQLTableQueryEngine,"temp=0.3,top_p=0.95,predict=2000",2025-12-07T20:28:03.136146
135,orchestra,Return the average attendance across all shows .,SELECT AVG(Attendance) FROM performance,4.0955,deepseek-r1:1.5b,mxbai-embed-large,LlamaIndex,NLSQLTableQueryEngine,"temp=0.3,top_p=0.95,predict=2000",2025-12-07T20:28:07.232713
136,orchestra,What are the maximum and minimum share of performances whose type is not `` Live final '' .,"SELECT MAX(Share), MIN(Share) FROM performance WHERE Type != 'Live final'",3.1184,deepseek-r1:1.5b,mxbai-embed-large,LlamaIndex,NLSQLTableQueryEngine,"temp=0.3,top_p=0.95,predict=2000",2025-12-07T20:28:10.351158
137,orchestra,Return the maximum and minimum shares for performances that do not have the type `` Live final '' .,"SELECT Orchestra, OrchestraShare,",4.2649,deepseek-r1:1.5b,mxbai-embed-large,LlamaIndex,NLSQLTableQueryEngine,"temp=0.3,top_p=0.95,predict=2000",2025-12-07T20:28:14.617082
138,orchestra,How many different nationalities do conductors have ?,SELECT COUNT(DISTINCTNationality) AS NumberOfNationalities,3.4058,deepseek-r1:1.5b,mxbai-embed-large,LlamaIndex,NLSQLTableQueryEngine,"temp=0.3,top_p=0.95,predict=2000",2025-12-07T20:28:18.022876
139,orchestra,Count the number of different nationalities of conductors .,Answer: SELECT COUNT(*) FROM conductor,3.7798,deepseek-r1:1.5b,mxbai-embed-large,LlamaIndex,NLSQLTableQueryEngine,"temp=0.3,top_p=0.95,predict=2000",2025-12-07T20:28:21.802674
140,orchestra,List names of conductors in descending order of years of work .,SELECT Name FROM conductor WHERE Year_of_Work ORDER BY Year_of_Work DESC,3.3889,deepseek-r1:1.5b,mxbai-embed-large,LlamaIndex,NLSQLTableQueryEngine,"temp=0.3,top_p=0.95,predict=2000",2025-12-07T20:28:25.191612
141,orchestra,"What are the names of conductors , sorted descending by the number of years they have worked ?",SELECT 1,15.7998,deepseek-r1:1.5b,mxbai-embed-large,LlamaIndex,NLSQLTableQueryEngine,"temp=0.3,top_p=0.95,predict=2000",2025-12-07T20:28:40.991442
142,orchestra,List the name of the conductor with the most years of work .,SELECT 1,5.3288,deepseek-r1:1.5b,mxbai-embed-large,LlamaIndex,NLSQLTableQueryEngine,"temp=0.3,top_p=0.95,predict=2000",2025-12-07T20:28:46.321254
143,orchestra,What is the name of the conductor who has worked the greatest number of years ?,SELECT 1,15.9614,deepseek-r1:1.5b,mxbai-embed-large,LlamaIndex,NLSQLTableQueryEngine,"temp=0.3,top_p=0.95,predict=2000",2025-12-07T20:29:02.282629
144,orchestra,Show the names of conductors and the orchestras they have conducted .,ON c.Name IN (SELECT Name FROM conductor c),10.6756,deepseek-r1:1.5b,mxbai-embed-large,LlamaIndex,NLSQLTableQueryEngine,"temp=0.3,top_p=0.95,predict=2000",2025-12-07T20:29:12.958262
145,orchestra,What are the names of conductors as well as the corresonding orchestras that they have conducted ?,"SELECT c.Name AS Conductor_Name, o.Name AS Orchestra_Name, c.Conductor_ID, o.Conductor_ID FROM conductor c LEFT JOIN performance p ON c.Conductor_ID = p.Conductor_ID LEFT JOIN orchestra o ON p.Orchestra_ID = o.Orchestra_ID",5.0245,deepseek-r1:1.5b,mxbai-embed-large,LlamaIndex,NLSQLTableQueryEngine,"temp=0.3,top_p=0.95,predict=2000",2025-12-07T20:29:17.982730
146,orchestra,Show the names of conductors that have conducted more than one orchestras .,"The SQL query provided above selects the names of conductors who have conducted more than one orchestra. The result is ordered alphabetically by conductor name, providing the most interesting examples from the database.",6.4536,deepseek-r1:1.5b,mxbai-embed-large,LlamaIndex,NLSQLTableQueryEngine,"temp=0.3,top_p=0.95,predict=2000",2025-12-07T20:29:24.436313
147,orchestra,What are the names of conductors who have conducted at more than one orchestra ?,(SELECT COUNT(DISTINCT o.Orchestra_ID) AS num_orchestras,9.673,deepseek-r1:1.5b,mxbai-embed-large,LlamaIndex,NLSQLTableQueryEngine,"temp=0.3,top_p=0.95,predict=2000",2025-12-07T20:29:34.109324
148,orchestra,Show the name of the conductor that has conducted the most number of orchestras .,"SELECT Name, COUNT(*) AS conductor_count",12.6883,deepseek-r1:1.5b,mxbai-embed-large,LlamaIndex,NLSQLTableQueryEngine,"temp=0.3,top_p=0.95,predict=2000",2025-12-07T20:29:46.798618
149,orchestra,What is the name of the conductor who has conducted the most orchestras ?,"SELECT conductor.Name,",7.9013,deepseek-r1:1.5b,mxbai-embed-large,LlamaIndex,NLSQLTableQueryEngine,"temp=0.3,top_p=0.95,predict=2000",2025-12-07T20:29:54.699943
150,orchestra,Please show the name of the conductor that has conducted orchestras founded after 2008 .,SELECT 1,8.1288,deepseek-r1:1.5b,mxbai-embed-large,LlamaIndex,NLSQLTableQueryEngine,"temp=0.3,top_p=0.95,predict=2000",2025-12-07T20:30:02.829759
151,orchestra,What are the names of conductors who have conducted orchestras founded after the year 2008 ?,"LEFT JOIN (SELECT o1conductor_id, o1Year_founded FROM orchestra o1 WHERE o1Year_founded > 2008)",7.9656,deepseek-r1:1.5b,mxbai-embed-large,LlamaIndex,NLSQLTableQueryEngine,"temp=0.3,top_p=0.95,predict=2000",2025-12-07T20:30:10.796400
152,orchestra,Please show the different record companies and the corresponding number of orchestras .,WHERE EXISTS (SELECT * FROM performance WHERE Performance_ID = orchestra.Performance_ID AND orchestra.Conductor_ID IS NULL),11.147,deepseek-r1:1.5b,mxbai-embed-large,LlamaIndex,NLSQLTableQueryEngine,"temp=0.3,top_p=0.95,predict=2000",2025-12-07T20:30:21.943424
153,orchestra,How many orchestras does each record company manage ?,"SELECT Record_Combound, COUNT(Orchestra_ID) AS Number_of_Orchestras",7.9878,deepseek-r1:1.5b,mxbai-embed-large,LlamaIndex,NLSQLTableQueryEngine,"temp=0.3,top_p=0.95,predict=2000",2025-12-07T20:30:29.931250
154,orchestra,Please show the record formats of orchestras in ascending order of count .,"SELECT CONV(Record_Compy, INTEGER) AS Count FROM orchestra ORDER BY CONV(Record_Compy, INTEGER) ASC",7.6227,deepseek-r1:1.5b,mxbai-embed-large,LlamaIndex,NLSQLTableQueryEngine,"temp=0.3,top_p=0.95,predict=2000",2025-12-07T20:30:37.553990
155,orchestra,"What are the major record formats of orchestras , sorted by their frequency ?",SELECT Major_Record_Format FROM orchestra ORDER BY Year_of_Founded,4.9428,deepseek-r1:1.5b,mxbai-embed-large,LlamaIndex,NLSQLTableQueryEngine,"temp=0.3,top_p=0.95,predict=2000",2025-12-07T20:30:42.497333
156,orchestra,List the record company shared by the most number of orchestras .,HAVING total_orchestra = (SELECT MAX(total_orchestra) FROM cte_orchestra_orchestra),8.844,deepseek-r1:1.5b,mxbai-embed-large,LlamaIndex,NLSQLTableQueryEngine,"temp=0.3,top_p=0.95,predict=2000",2025-12-07T20:30:51.342358
157,orchestra,What is the record company used by the greatest number of orchestras ?,SELECT 1,16.1104,deepseek-r1:1.5b,mxbai-embed-large,LlamaIndex,NLSQLTableQueryEngine,"temp=0.3,top_p=0.95,predict=2000",2025-12-07T20:31:07.453788
158,orchestra,List the names of orchestras that have no performance .,SELECT 1,7.0223,deepseek-r1:1.5b,mxbai-embed-large,LlamaIndex,NLSQLTableQueryEngine,"temp=0.3,top_p=0.95,predict=2000",2025-12-07T20:31:14.476116
159,orchestra,What are the orchestras that do not have any performances ?,SELECT Orchestra_ID FROM orchestra WHERE COUNT(Performance_ID) = 0,9.8564,deepseek-r1:1.5b,mxbai-embed-large,LlamaIndex,NLSQLTableQueryEngine,"temp=0.3,top_p=0.95,predict=2000",2025-12-07T20:31:24.332470
160,orchestra,Show the record companies shared by orchestras founded before 2003 and after 2003 .,SELECT c.Record_Combining,11.0902,deepseek-r1:1.5b,mxbai-embed-large,LlamaIndex,NLSQLTableQueryEngine,"temp=0.3,top_p=0.95,predict=2000",2025-12-07T20:31:35.422669
161,orchestra,What are the record companies that are used by both orchestras founded before 2003 and those founded after 2003 ?,SELECT 1,15.6901,deepseek-r1:1.5b,mxbai-embed-large,LlamaIndex,NLSQLTableQueryEngine,"temp=0.3,top_p=0.95,predict=2000",2025-12-07T20:31:51.112735
162,orchestra,Find the number of orchestras whose record format is `` CD '' or `` DVD '' .,SELECT Orchestra_ID,4.3161,deepseek-r1:1.5b,mxbai-embed-large,LlamaIndex,NLSQLTableQueryEngine,"temp=0.3,top_p=0.95,predict=2000",2025-12-07T20:31:55.428865
163,orchestra,Count the number of orchestras that have CD or DVD as their record format .,SELECT COUNT(*) FROM orchestra WHERE Major-record-format LIKE '%CD%' OR Major-record-format LIKE '%DVD%',3.0438,deepseek-r1:1.5b,mxbai-embed-large,LlamaIndex,NLSQLTableQueryEngine,"temp=0.3,top_p=0.95,predict=2000",2025-12-07T20:31:58.472678
164,orchestra,Show the years in which orchestras that have given more than one performance are founded .,SELECT Year_of_Founded FROM orchestra,10.0066,deepseek-r1:1.5b,mxbai-embed-large,LlamaIndex,NLSQLTableQueryEngine,"temp=0.3,top_p=0.95,predict=2000",2025-12-07T20:32:08.480274
165,orchestra,What are years of founding for orchestras that have had more than a single performance ?,SELECT 1,16.0673,deepseek-r1:1.5b,mxbai-embed-large,LlamaIndex,NLSQLTableQueryEngine,"temp=0.3,top_p=0.95,predict=2000",2025-12-07T20:32:24.547561
166,singer,How many singers are there ?,SELECT COUNT(Song_ID) FROM singer,2.9576,deepseek-r1:1.5b,mxbai-embed-large,LlamaIndex,NLSQLTableQueryEngine,"temp=0.3,top_p=0.95,predict=2000",2025-12-07T20:32:27.505713
167,singer,What is the count of singers ?,SELECT 1,2.6939,deepseek-r1:1.5b,mxbai-embed-large,LlamaIndex,NLSQLTableQueryEngine,"temp=0.3,top_p=0.95,predict=2000",2025-12-07T20:32:30.199609
168,singer,List the name of singers in ascending order of net worth .,SELECT Name FROM singer ORDER BY singer.Net_Worth_Millions ASC,4.3226,deepseek-r1:1.5b,mxbai-embed-large,LlamaIndex,NLSQLTableQueryEngine,"temp=0.3,top_p=0.95,predict=2000",2025-12-07T20:32:34.522171
169,singer,What are the names of singers ordered by ascending net worth ?,SELECT Name FROM singer ORDER BY Net_Worth_Millions ASC,3.2335,deepseek-r1:1.5b,mxbai-embed-large,LlamaIndex,NLSQLTableQueryEngine,"temp=0.3,top_p=0.95,predict=2000",2025-12-07T20:32:37.756719
170,singer,What are the birth year and citizenship of singers ?,"SELECT Birth_Year, Citizenship FROM singer",2.957,deepseek-r1:1.5b,mxbai-embed-large,LlamaIndex,NLSQLTableQueryEngine,"temp=0.3,top_p=0.95,predict=2000",2025-12-07T20:32:40.713730
171,singer,What are the birth years and citizenships of the singers ?,"SELECT Birth_Year, Citizenship FROM singer",4.6924,deepseek-r1:1.5b,mxbai-embed-large,LlamaIndex,NLSQLTableQueryEngine,"temp=0.3,top_p=0.95,predict=2000",2025-12-07T20:32:45.406128
172,singer,List the name of singers whose citizenship is not `` France '' .,SELECT Name FROM singer WHERE citizenship != 'France',3.2589,deepseek-r1:1.5b,mxbai-embed-large,LlamaIndex,NLSQLTableQueryEngine,"temp=0.3,top_p=0.95,predict=2000",2025-12-07T20:32:48.665521
173,singer,What are the names of the singers who are not French citizens ?,SELECT Name FROM singer WHERE Citizenship != 'French',3.4351,deepseek-r1:1.5b,mxbai-embed-large,LlamaIndex,NLSQLTableQueryEngine,"temp=0.3,top_p=0.95,predict=2000",2025-12-07T20:32:52.100623
174,singer,Show the name of singers whose birth year is either 1948 or 1949 ?,SELECT Name FROM singer WHERE Birth_Year = 1948 OR Birth_Year = 1949,3.8184,deepseek-r1:1.5b,mxbai-embed-large,LlamaIndex,NLSQLTableQueryEngine,"temp=0.3,top_p=0.95,predict=2000",2025-12-07T20:32:55.919030
175,singer,What are the names of the singers whose birth years are either 1948 or 1949 ?,SELECT Name FROM singer WHERE (Birth_Year = 1948) OR (Birth_Year = 1949),4.7136,deepseek-r1:1.5b,mxbai-embed-large,LlamaIndex,NLSQLTableQueryEngine,"temp=0.3,top_p=0.95,predict=2000",2025-12-07T20:33:00.633679
176,singer,What is the name of the singer with the largest net worth ?,SELECT MAX(Net_Worth_Millions) AS Max_Net_Worth,7.6367,deepseek-r1:1.5b,mxbai-embed-large,LlamaIndex,NLSQLTableQueryEngine,"temp=0.3,top_p=0.95,predict=2000",2025-12-07T20:33:08.270352
177,singer,What is the name of the singer who is worth the most ?,WHERE Net_Worth_Millions = (SELECT MAX(Net_Worth_Millions) FROM singer),4.071,deepseek-r1:1.5b,mxbai-embed-large,LlamaIndex,NLSQLTableQueryEngine,"temp=0.3,top_p=0.95,predict=2000",2025-12-07T20:33:12.341309
178,singer,Show different citizenship of singers and the number of singers of each citizenship .,SELECT 1,15.7723,deepseek-r1:1.5b,mxbai-embed-large,LlamaIndex,NLSQLTableQueryEngine,"temp=0.3,top_p=0.95,predict=2000",2025-12-07T20:33:28.113602
179,singer,"For each citizenship , how many singers are from that country ?","SELECT 'Citizenship', COUNT(Singer_ID) AS Num_Singers FROM singer GROUP BY Citizenship",3.7143,deepseek-r1:1.5b,mxbai-embed-large,LlamaIndex,NLSQLTableQueryEngine,"temp=0.3,top_p=0.95,predict=2000",2025-12-07T20:33:31.827898
180,singer,Please show the most common citizenship of singers .,SELECT DISTINCT Citizen FROM singer WHERE EXISTS('song') ORDER BY Count(singer) DESC,3.4807,deepseek-r1:1.5b,mxbai-embed-large,LlamaIndex,NLSQLTableQueryEngine,"temp=0.3,top_p=0.95,predict=2000",2025-12-07T20:33:35.308630
181,singer,What is the most common singer citizenship ?,"FROM (SELECT singer.Singer_ID, singer.Name, song.Singer_ID as singer_id, song.Citizenship as citi FROM song LEFT JOIN singer ON singer.Singer_ID = song.Singer_ID)",9.1292,deepseek-r1:1.5b,mxbai-embed-large,LlamaIndex,NLSQLTableQueryEngine,"temp=0.3,top_p=0.95,predict=2000",2025-12-07T20:33:44.437816
182,singer,Show different citizenships and the maximum net worth of singers of each citizenship .,(SELECT n.Net_Worth_Millions,6.5268,deepseek-r1:1.5b,mxbai-embed-large,LlamaIndex,NLSQLTableQueryEngine,"temp=0.3,top_p=0.95,predict=2000",2025-12-07T20:33:50.964579
183,singer,"For each citizenship , what is the maximum net worth ?","SELECT citizenship, MAX(Net_Worth_Millions) AS Max_Net_Worth FROM singer GROUP BY citizenship ORDER BY citizenship",5.4204,deepseek-r1:1.5b,mxbai-embed-large,LlamaIndex,NLSQLTableQueryEngine,"temp=0.3,top_p=0.95,predict=2000",2025-12-07T20:33:56.386002
184,singer,Show titles of songs and names of singers .,SELECT Title FROM song WHERE Song_ID = singer.Singer_ID,4.2801,deepseek-r1:1.5b,mxbai-embed-large,LlamaIndex,NLSQLTableQueryEngine,"temp=0.3,top_p=0.95,predict=2000",2025-12-07T20:34:00.666144
185,singer,What are the song titles and singer names ?,"SELECT Song.Title, Singer.Name FROM song JOIN singer ON singer.Singer_ID = song.Singer_ID",4.2303,deepseek-r1:1.5b,mxbai-embed-large,LlamaIndex,NLSQLTableQueryEngine,"temp=0.3,top_p=0.95,predict=2000",2025-12-07T20:34:04.896468
186,singer,Show distinct names of singers that have songs with sales more than 300000 .,SELECT DISTINCT Name,4.718,deepseek-r1:1.5b,mxbai-embed-large,LlamaIndex,NLSQLTableQueryEngine,"temp=0.3,top_p=0.95,predict=2000",2025-12-07T20:34:09.614514
187,singer,what are the different names of the singers that have sales more than 300000 ?,SELECT Song.Title AS TitleOfSong FROM song JOIN singer ON song.Singer_ID = singer.Singer_ID HAVING Sales > 300000,5.6936,deepseek-r1:1.5b,mxbai-embed-large,LlamaIndex,NLSQLTableQueryEngine,"temp=0.3,top_p=0.95,predict=2000",2025-12-07T20:34:15.309326
188,singer,Show the names of singers that have more than one song .,SELECT Name FROM singer WHERE COUNT(Song_ID) > 1,2.2729,deepseek-r1:1.5b,mxbai-embed-large,LlamaIndex,NLSQLTableQueryEngine,"temp=0.3,top_p=0.95,predict=2000",2025-12-07T20:34:17.582263
189,singer,What are the names of the singers that have more than one songs ?,SELECT Name FROM singer JOIN song ON singer.Singer_ID = song.Singer_ID GROUP BY Singer_ID HAVING COUNT(Song_ID) > 1,4.4072,deepseek-r1:1.5b,mxbai-embed-large,LlamaIndex,NLSQLTableQueryEngine,"temp=0.3,top_p=0.95,predict=2000",2025-12-07T20:34:21.990514
190,singer,Show the names of singers and the total sales of their songs .,SELECT 1,4.4631,deepseek-r1:1.5b,mxbai-embed-large,LlamaIndex,NLSQLTableQueryEngine,"temp=0.3,top_p=0.95,predict=2000",2025-12-07T20:34:26.453610
191,singer,"For each singer name , what is the total sales for their songs ?","SELECT Name, SUM(Sales) AS Total_Sales FROM song WHERE Song_ID = (SELECT Singer_ID FROM song)",4.6393,deepseek-r1:1.5b,mxbai-embed-large,LlamaIndex,NLSQLTableQueryEngine,"temp=0.3,top_p=0.95,predict=2000",2025-12-07T20:34:31.092904
192,singer,List the name of singers that do not have any song .,SELECT Song_ID,8.6627,deepseek-r1:1.5b,mxbai-embed-large,LlamaIndex,NLSQLTableQueryEngine,"temp=0.3,top_p=0.95,predict=2000",2025-12-07T20:34:39.756562
193,singer,What is the sname of every sing that does not have any song ?,SELECT Name FROM singer WHERE EXISTS NOT (SELECT Song_ID FROM song),3.4825,deepseek-r1:1.5b,mxbai-embed-large,LlamaIndex,NLSQLTableQueryEngine,"temp=0.3,top_p=0.95,predict=2000",2025-12-07T20:34:43.239066
194,singer,Show the citizenship shared by singers with birth year before 1945 and after 1955 .,SELECT citizenship FROM singer,3.2427,deepseek-r1:1.5b,mxbai-embed-large,LlamaIndex,NLSQLTableQueryEngine,"temp=0.3,top_p=0.95,predict=2000",2025-12-07T20:34:46.481767
195,singer,What are the citizenships that are shared by singers with a birth year before 1945 and after 1955 ?,SELECT DISTINCT Citizenship FROM singer WHERE Birth_Year < 1945 OR Birth_Year > 1955,5.282,deepseek-r1:1.5b,mxbai-embed-large,LlamaIndex,NLSQLTableQueryEngine,"temp=0.3,top_p=0.95,predict=2000",2025-12-07T20:34:51.764750
