question_id,db_id,question,predicted_sql,latency_seconds,llm_model,embedding_model,method,timestamp
1,concert_singer,How many singers do we have ?,SELECT COUNT(*) FROM singer,5.1795,falcon3:1b,mxbai-embed-large,NLSQLTableQueryEngine + Few-Shot,2025-12-07T18:23:37.685407
2,concert_singer,What is the total number of singers ?,SELECT COUNT(*) FROM singer,0.291,falcon3:1b,mxbai-embed-large,NLSQLTableQueryEngine + Few-Shot,2025-12-07T18:23:37.978907
3,concert_singer,"Show name , country , age for all singers ordered by age from the oldest to the youngest .","SELECT singer.name, singer.country, singer.age FROM singer INNER JOIN singer_in_concert ON singer.singer_id = singer_in_concert.singer_id INNER JOIN stadium ON singer.singer_id = stadium.sticker_id ORDER BY singer.age ASC LIMIT 1",0.7036,falcon3:1b,mxbai-embed-large,NLSQLTableQueryEngine + Few-Shot,2025-12-07T18:23:38.683477
4,concert_singer,"What are the names , countries , and ages for every singer in descending order of age ?","SELECT name, country, age FROM singer_in_concert AS T1 JOIN singer AS T2 ON T1.singer_id = T2.singer_id JOIN stadium AS T3 ON T1.Stadium_ID = T3.Stadium_ID WHERE T2.Country = 'France' ORDER BY age DESC LIMIT 1",0.7678,falcon3:1b,mxbai-embed-large,NLSQLTableQueryEngine + Few-Shot,2025-12-07T18:23:39.451270
5,concert_singer,"What is the average , minimum , and maximum age of all singers from France ?",SELECT AVG(age) FROM singer WHERE country = 'France',0.3552,falcon3:1b,mxbai-embed-large,NLSQLTableQueryEngine + Few-Shot,2025-12-07T18:23:39.806515
6,concert_singer,"What is the average , minimum , and maximum age for all French singers ?",SELECT AVG(age) FROM singer WHERE country = 'France',0.3789,falcon3:1b,mxbai-embed-large,NLSQLTableQueryEngine + Few-Shot,2025-12-07T18:23:40.185434
7,concert_singer,Show the name and the release year of the song by the youngest singer .,"SELECT S2.Name, S1.Song_release_year FROM singer AS S1 JOIN singer_in_concert AS S2 ON S1.Singer_ID = S2.Singer_ID JOIN stadium AS S3 ON S2.Stadium_ID = S3.Stadium_ID WHERE S1.Age < S2.Age ORDER BY S1.Name ASC LIMIT 1",0.8556,falcon3:1b,mxbai-embed-large,NLSQLTableQueryEngine + Few-Shot,2025-12-07T18:23:41.041037
8,concert_singer,What are the names and release years for all the songs of the youngest singer ?,"SELECT S1.Name, S1.Song_release_year FROM singer AS S1 JOIN singer_in_concert AS SI ON S1.Singer_ID = SI.Singer_ID JOIN stadium AS ST ON SI.Stadium_ID = ST.Stadium_ID WHERE S1.Age = MIN(SI.Age) AND S1.Is_male = TRUE ORDER BY S1.Song_release_year DESC LIMIT 1",0.9365,falcon3:1b,mxbai-embed-large,NLSQLTableQueryEngine + Few-Shot,2025-12-07T18:23:41.977557
9,concert_singer,What are all distinct countries where singers above age 20 are from ?,SELECT DISTINCT country FROM singer WHERE Age > 20 AND Is_male = TRUE AND Singer_ID IN (SELECT Stadium_ID FROM concert WHERE Concert_Name LIKE '%Hey%'),0.5486,falcon3:1b,mxbai-embed-large,NLSQLTableQueryEngine + Few-Shot,2025-12-07T18:23:42.526867
10,concert_singer,What are the different countries with singers above age 20 ?,SELECT DISTINCT country FROM singer WHERE Age > 20 AND Singer_ID IN (SELECT Stadium_ID FROM concert WHERE Concert_Name LIKE '%France%'),0.5261,falcon3:1b,mxbai-embed-large,NLSQLTableQueryEngine + Few-Shot,2025-12-07T18:23:43.052918
11,concert_singer,Show all countries and the number of singers in each country .,SELECT DISTINCT country FROM singer_in_concert JOIN singer ON singer_in_concert.singer_id = singer.singer_id JOIN stadium ON singer_in_concert.stadium_id = stadium.stadium_id WHERE singer.Country = 'ALL' GROUP BY country,0.7681,falcon3:1b,mxbai-embed-large,NLSQLTableQueryEngine + Few-Shot,2025-12-07T18:23:43.822499
12,concert_singer,How many singers are from each country ?,SELECT DISTINCT country FROM singer WHERE Country = 'France' GROUP BY country,0.3605,falcon3:1b,mxbai-embed-large,NLSQLTableQueryEngine + Few-Shot,2025-12-07T18:23:44.182960
13,concert_singer,List all song names by singers above the average age .,SELECT Song_Name FROM singer IN concert WHERE Singer_ID IN (SELECT Singer_ID FROM singer WHERE Age > (SELECT AVG(Age) FROM singer)),0.4918,falcon3:1b,mxbai-embed-large,NLSQLTableQueryEngine + Few-Shot,2025-12-07T18:23:44.675257
14,concert_singer,What are all the song names by singers who are older than average ?,SELECT Song_Name FROM singer WHERE Age > (SELECT AVG(Age) FROM singer),0.3984,falcon3:1b,mxbai-embed-large,NLSQLTableQueryEngine + Few-Shot,2025-12-07T18:23:45.073679
15,concert_singer,Show location and name for all stadiums with a capacity between 5000 and 10000 .,"SELECT T2.Location, T2.Name FROM singer_in_concert AS T1 JOIN stadium AS T2 ON T1.singer_id = T2.Singer_ID WHERE T1.Stadium_ID BETWEEN 5000 AND 10000",0.6713,falcon3:1b,mxbai-embed-large,NLSQLTableQueryEngine + Few-Shot,2025-12-07T18:23:45.744973
16,concert_singer,What are the locations and names of all stations with capacity between 5000 and 10000 ?,"SELECT location, name FROM stadium WHERE Capacity BETWEEN 5000 AND 10000",0.3911,falcon3:1b,mxbai-embed-large,NLSQLTableQueryEngine + Few-Shot,2025-12-07T18:23:46.136024
17,concert_singer,What is the maximum capacity and the average of all stadiums ?,"SELECT MAX(Capacity) AS Maximum_Capacity, AVG(Average) AS Average_Capacity FROM Stadium s JOIN singer_in_concert si ON si.singer_id = s.Singer_ID GROUP BY s.Stadium_ID",0.6109,falcon3:1b,mxbai-embed-large,NLSQLTableQueryEngine + Few-Shot,2025-12-07T18:23:46.747877
18,concert_singer,What is the average and maximum capacities for all stadiums ?,"SELECT AVG(Capacity) AS avg_capacity, MAX(Capacity) AS max_capacity FROM stadium s JOIN concert c ON s.Stadium_ID = c.Stadium_ID GROUP BY s.Stadium_ID",0.634,falcon3:1b,mxbai-embed-large,NLSQLTableQueryEngine + Few-Shot,2025-12-07T18:23:47.381868
19,concert_singer,What is the name and capacity for the stadium with highest average attendance ?,"SELECT T2.name, T2.capacity FROM concert AS T1 JOIN singer AS T2 ON T1.concert_id = T2.concert_id JOIN stadium AS T3 ON T1.Stadium_ID = T3.Stadium_ID WHERE T1.Year > 2013 GROUP BY T3.Stadium_ID ORDER BY COUNT(*) DESC LIMIT 1",0.8351,falcon3:1b,mxbai-embed-large,NLSQLTableQueryEngine + Few-Shot,2025-12-07T18:23:48.216935
20,concert_singer,What is the name and capacity for the stadium with the highest average attendance ?,"SELECT T2.name, T2.capacity FROM concert AS T1 JOIN singer AS T2 ON T1.concert_id = T2.concert_id JOIN stadium AS T3 ON T1.Stadium_ID = T3.Stadium_ID WHERE T1.Year = '2014' GROUP BY T3.Stadium_ID ORDER BY T3.Average DESC LIMIT 1",0.8902,falcon3:1b,mxbai-embed-large,NLSQLTableQueryEngine + Few-Shot,2025-12-07T18:23:49.107146
21,concert_singer,How many concerts are there in year 2014 or 2015 ?,SELECT COUNT(*) FROM concert WHERE YEAR = 2014 OR YEAR = 2015,0.4077,falcon3:1b,mxbai-embed-large,NLSQLTableQueryEngine + Few-Shot,2025-12-07T18:23:49.514876
22,concert_singer,How many concerts occurred in 2014 or 2015 ?,"SELECT COUNT(*) FROM concert WHERE YEAR(Concert_Year) IN (2014, 2015)",0.4496,falcon3:1b,mxbai-embed-large,NLSQLTableQueryEngine + Few-Shot,2025-12-07T18:23:49.965433
23,concert_singer,Show the stadium name and the number of concerts in each stadium .,"SELECT T2.name, COUNT(*) FROM concert AS T1 JOIN singer AS T2 ON T1.concert_id = T2.concert_id JOIN stadium AS T3 ON T1.Stadium_ID = T3.Stadium_ID GROUP BY T3.Stadium_ID",0.7058,falcon3:1b,mxbai-embed-large,NLSQLTableQueryEngine + Few-Shot,2025-12-07T18:23:50.672065
24,concert_singer,"For each stadium , how many concerts play there ?","SELECT S1.Stadium_ID, COUNT(*) AS Concerts FROM concert AS S1 JOIN singer AS S2 ON S2.Singer_ID = S1.Singer_ID JOIN singer_in_concert AS S3 ON S3.Concert_ID = S1.Concert_ID JOIN stadium AS S4 ON S4.Stadium_ID = S3.Stadium_ID GROUP BY S4.Stadium_ID, S2.Name ORDER BY Concerts DESC LIMIT 1",0.9822,falcon3:1b,mxbai-embed-large,NLSQLTableQueryEngine + Few-Shot,2025-12-07T18:23:51.654216
25,concert_singer,Show the stadium name and capacity with most number of concerts in year 2014 or after .,"SELECT T2.name, T2.capacity FROM concert AS T1 JOIN stadium AS T2 ON T1.concert_id = T2.concert_id WHERE YEAR(T2.Year) > = 2014 GROUP BY T2.Stadium_ID ORDER BY COUNT(*) DESC LIMIT 1",0.7229,falcon3:1b,mxbai-embed-large,NLSQLTableQueryEngine + Few-Shot,2025-12-07T18:23:52.377079
26,concert_singer,What is the name and capacity of the stadium with the most concerts after 2013 ?,"SELECT T2.name, T2.capacity FROM concert AS T1 JOIN singer AS T2 ON T1.concert_id = T2.concert_id JOIN stadium AS T3 ON T1.Stadium_ID = T3.Stadium_ID WHERE T1.Year > 2013 GROUP BY T3.Stadium_ID ORDER BY COUNT(*) DESC LIMIT 1",0.8418,falcon3:1b,mxbai-embed-large,NLSQLTableQueryEngine + Few-Shot,2025-12-07T18:23:53.218910
27,concert_singer,Which year has most number of concerts ?,SELECT YEAR FROM concert GROUP BY YEAR ASC LIMIT 1,0.3072,falcon3:1b,mxbai-embed-large,NLSQLTableQueryEngine + Few-Shot,2025-12-07T18:23:53.526080
28,concert_singer,What is the year that had the most concerts ?,SELECT YEAR FROM concert GROUP BY YEAR HAVING COUNT(*) = 1,0.3442,falcon3:1b,mxbai-embed-large,NLSQLTableQueryEngine + Few-Shot,2025-12-07T18:23:53.870282
29,concert_singer,Show the stadium names without any concert .,SELECT T2.name FROM singer_in_concert AS T1 JOIN singer AS T2 ON T1.singer_id = T2.singer_id JOIN stadium AS T3 ON T1.stadium_id = T3.stadium_id WHERE T3.year NOT IN (SELECT year FROM concert GROUP BY Theme),0.7668,falcon3:1b,mxbai-embed-large,NLSQLTableQueryEngine + Few-Shot,2025-12-07T18:23:54.637098
30,concert_singer,What are the names of the stadiums without any concerts ?,SELECT T2.name FROM concert AS T1 JOIN singer AS T2 ON T1.singer_id = T2.singer_id JOIN stadium AS T3 ON T1.Stadium_ID = T3.Stadium_ID WHERE T3.Year = '2023' AND T3.Is_male = 'FALSE',0.8038,falcon3:1b,mxbai-embed-large,NLSQLTableQueryEngine + Few-Shot,2025-12-07T18:23:55.441173
31,concert_singer,Show countries where a singer above age 40 and a singer below 30 are from .,SELECT DISTINCT country FROM singer WHERE Age > 40 AND Age < 30,0.3749,falcon3:1b,mxbai-embed-large,NLSQLTableQueryEngine + Few-Shot,2025-12-07T18:23:55.816108
32,concert_singer,Show names for all stadiums except for stadiums having a concert in year 2014 .,SELECT S.Name FROM singer_in_concert AS T1 JOIN stadium AS T2 ON T1.concert_ID = T2.concert_ID WHERE T2.Year ! = 2014 GROUP BY T2.Stadium_ID,0.6357,falcon3:1b,mxbai-embed-large,NLSQLTableQueryEngine + Few-Shot,2025-12-07T18:23:56.452857
33,concert_singer,What are the names of all stadiums that did not have a concert in 2014 ?,SELECT T2.name FROM concert AS T1 JOIN singer AS T2 ON T1.singer_id = T2.singer_id JOIN stadium AS T3 ON T1.stadium_id = T3.Stadium_ID WHERE T3.year ! = 2014,0.6956,falcon3:1b,mxbai-embed-large,NLSQLTableQueryEngine + Few-Shot,2025-12-07T18:23:57.148484
34,concert_singer,Show the name and theme for all concerts and the number of singers in each concert .,"SELECT T1.Name, T1.Theme FROM concert AS T1 JOIN singer AS T2 ON T1.Stadium_ID = T2.Stadium_ID JOIN singer_in_concert AS T3 ON T1.Concert_ID = T3.Concert_ID WHERE T3.Year = '2023' GROUP BY T3.Name, T3.Theme",0.8643,falcon3:1b,mxbai-embed-large,NLSQLTableQueryEngine + Few-Shot,2025-12-07T18:23:58.012765
35,concert_singer,"What are the names , themes , and number of singers for every concert ?","SELECT T1.Name AS Concert_Name, T1.Theme AS Theme, COUNT(T2.Singer_ID) AS Number_of_Singers FROM concert AS T1 JOIN singer AS T2 ON T1.Stadium_ID = T2.Stadium_ID JOIN singer_in_concert AS T3 ON T1.Concert_ID = T3.Concert_ID WHERE T3.Year = '2023'",0.9583,falcon3:1b,mxbai-embed-large,NLSQLTableQueryEngine + Few-Shot,2025-12-07T18:23:58.971699
36,concert_singer,List singer names and number of concerts for each singer .,"SELECT S1.Name, COUNT(*) AS Concert_Count FROM singer AS S1 JOIN singer_in_concert AS Si ON S1.Singer_ID = Si.Singer_ID JOIN stadium AS St ON Si.Stadium_ID = St.Stadium_ID GROUP BY S1.Name HAVING COUNT(*) > 1",0.7388,falcon3:1b,mxbai-embed-large,NLSQLTableQueryEngine + Few-Shot,2025-12-07T18:23:59.711710
37,concert_singer,What are the names of the singers and number of concerts for each person ?,"SELECT singer.name, COUNT(*) AS num_concerts FROM singer INNER JOIN singer_in_concert ON singer.singer_id = singer_in_concert.singer_id JOIN concert ON concert.concert_id = concert.concert_id GROUP BY singer.name",0.7068,falcon3:1b,mxbai-embed-large,NLSQLTableQueryEngine + Few-Shot,2025-12-07T18:24:00.418516
38,concert_singer,List all singer names in concerts in year 2014 .,SELECT T2.Name FROM concert AS T1 JOIN singer AS T2 ON T1.concert_ID = T2.concert_ID JOIN singer_in_concert AS T3 ON T1.singer_ID = T3.singer_ID JOIN stadium AS T4 ON T1.Stadium_ID = T4.Stadium_ID WHERE YEAR(T3.Year) = 2014,0.8829,falcon3:1b,mxbai-embed-large,NLSQLTableQueryEngine + Few-Shot,2025-12-07T18:24:01.301417
39,concert_singer,What are the names of the singers who performed in a concert in 2014 ?,SELECT T2.name FROM singer_in_concert AS T1 JOIN singer AS T2 ON T1.singer_id = T2.singer_id JOIN concert AS T3 ON T1.concert_id = T3.concert_id WHERE T3.year = 2014,0.7113,falcon3:1b,mxbai-embed-large,NLSQLTableQueryEngine + Few-Shot,2025-12-07T18:24:02.012697
40,concert_singer,what is the name and nation of the singer who have a song having 'Hey ' in its name ?,"SELECT T2.Name, T2.Country FROM singer AS T1 JOIN singer_in_concert AS T2 ON T1.Singer_ID = T2.Singer_ID JOIN stadium AS T3 ON T1.Stadium_ID = T3.Stadium_ID WHERE T2.Song_Name LIKE '%Hey%'",0.7623,falcon3:1b,mxbai-embed-large,NLSQLTableQueryEngine + Few-Shot,2025-12-07T18:24:02.774975
41,concert_singer,What is the name and country of origin of every singer who has a song with the word 'Hey ' in its title ?,"SELECT T2.name, T2.country FROM singer AS T1 JOIN singer_in_concert AS T2 ON T1.singer_id = T2.singer_id JOIN stadium AS T3 ON T1.Stadium_ID = T3.Stadium_ID WHERE T2.Song_Name LIKE '%Hey%'",0.7715,falcon3:1b,mxbai-embed-large,NLSQLTableQueryEngine + Few-Shot,2025-12-07T18:24:03.546464
42,concert_singer,Find the name and location of the stadiums which some concerts happened in the years of both 2014 and 2015 .,"SELECT T2.name, T2.Location FROM concert AS T1 JOIN singer_in_concert AS T2 ON T1.concert_ID = T2.concert_ID JOIN stadium AS T3 ON T1.Stadium_ID = T3.Stadium_ID WHERE T1.Year BETWEEN 2014 AND 2015",0.7965,falcon3:1b,mxbai-embed-large,NLSQLTableQueryEngine + Few-Shot,2025-12-07T18:24:04.342969
43,concert_singer,What are the names and locations of the stadiums that had concerts that occurred in both 2014 and 2015 ?,"SELECT T2.name, T2.Location FROM concert AS T1 JOIN singer_in_concert AS T2 ON T1.concert_ID = T2.concert_ID JOIN stadium AS T3 ON T1.Stadium_ID = T3.Stadium_ID WHERE T1.Year BETWEEN 2014 AND 2015 GROUP BY T2.Stadium_ID ORDER BY GroupingColumnDesc LIMIT 1",0.9401,falcon3:1b,mxbai-embed-large,NLSQLTableQueryEngine + Few-Shot,2025-12-07T18:24:05.283112
44,concert_singer,Find the number of concerts happened in the stadium with the highest capacity .,SELECT COUNT(*) FROM concert c JOIN singer s ON c.Stadium_ID = s.Singer_ID LEFT JOIN singer_in_concert si ON c.Concert_ID = si.singer_id AND si.Stadium_ID = s.Stadium_ID WHERE si.Year > 2013 GROUP BY si.Stadium_ID HAVING COUNT(*) = 1,0.8821,falcon3:1b,mxbai-embed-large,NLSQLTableQueryEngine + Few-Shot,2025-12-07T18:24:06.165952
45,concert_singer,What are the number of concerts that occurred in the stadium with the largest capacity ?,SELECT MAX(Year) FROM concert JOIN singer_in_concert ON concert.Stadium_ID = singer_in_concert.Concert_ID GROUP BY Concert.Stadium_ID,0.5153,falcon3:1b,mxbai-embed-large,NLSQLTableQueryEngine + Few-Shot,2025-12-07T18:24:06.681278
46,pets_1,Find the number of pets whose weight is heavier than 10 .,SELECT COUNT(*) FROM Pets WHERE PetID IN (SELECT PetID FROM Has_Pet GROUP BY PetType) HAVING Weight > 10,0.4944,falcon3:1b,mxbai-embed-large,NLSQLTableQueryEngine + Few-Shot,2025-12-07T18:24:07.175691
47,pets_1,How many pets have a greater weight than 10 ?,SELECT COUNT(*) FROM Pets AS P WHERE PetType = 'Pet' AND pet_age > 10,0.4149,falcon3:1b,mxbai-embed-large,NLSQLTableQueryEngine + Few-Shot,2025-12-07T18:24:07.590639
48,pets_1,Find the weight of the youngest dog .,"SELECT PetID, PetType, pet_age FROM Pets WHERE PetAge = MIN(PetAge) AND PetType LIKE 'dog%'",0.4639,falcon3:1b,mxbai-embed-large,NLSQLTableQueryEngine + Few-Shot,2025-12-07T18:24:08.054560
49,pets_1,How much does the youngest dog weigh ?,SELECT MIN(pet_age) FROM pets WHERE PetID IN (SELECT StuID FROM student WHERE StuID = Stu.StuID),0.4764,falcon3:1b,mxbai-embed-large,NLSQLTableQueryEngine + Few-Shot,2025-12-07T18:24:08.530986
50,pets_1,Find the maximum weight for each type of pet . List the maximum weight and pet type .,"SELECT PetType, MAX(weight) AS MaxWeight FROM Has_Pet JOIN Pets ON Has_Pet.StuID = Pets.PetID GROUP BY PetType",0.4751,falcon3:1b,mxbai-embed-large,NLSQLTableQueryEngine + Few-Shot,2025-12-07T18:24:09.006118
51,pets_1,List the maximum weight and type for each type of pet .,"SELECT PetType, MAX(weight) AS MaxWeight FROM Pets GROUP BY PetType",0.3546,falcon3:1b,mxbai-embed-large,NLSQLTableQueryEngine + Few-Shot,2025-12-07T18:24:09.360723
52,pets_1,Find number of pets owned by students who are older than 20 .,SELECT COUNT(*) FROM Has_Pet AS H1 JOIN Pets AS P ON H1.StuID = P.StuID WHERE H1.PetAge > 20,0.5251,falcon3:1b,mxbai-embed-large,NLSQLTableQueryEngine + Few-Shot,2025-12-07T18:24:09.885774
53,pets_1,How many pets are owned by students that have an age greater than 20 ?,SELECT COUNT(*) FROM Has_Pet AS H1 JOIN Pets AS P ON H1.StuID = P.StuID WHERE H1.PetAge > 20,0.5387,falcon3:1b,mxbai-embed-large,NLSQLTableQueryEngine + Few-Shot,2025-12-07T18:24:10.424497
54,pets_1,Find the number of dog pets that are raised by female students ( with sex F ) .,SELECT COUNT(*) FROM Has_Pet AS H1 JOIN Pets AS P ON H1.StuID = P.StuID JOIN Student AS S ON P.PetID = S.PetID WHERE S.Sex = 'F' AND P.PetType IN ('Dog'),0.6904,falcon3:1b,mxbai-embed-large,NLSQLTableQueryEngine + Few-Shot,2025-12-07T18:24:11.114887
55,pets_1,How many dog pets are raised by female students ?,SELECT COUNT(*) FROM Has_Pet AS H1 JOIN Pets AS P ON H1.StuID = P.StuID WHERE P.PetType = 'Dog' AND H1.PetID IN (SELECT PetID FROM Student WHERE Sex = 'Female'),0.7243,falcon3:1b,mxbai-embed-large,NLSQLTableQueryEngine + Few-Shot,2025-12-07T18:24:11.839222
56,pets_1,Find the number of distinct type of pets .,SELECT COUNT(DISTINCT PetType) FROM Has_Pet JOIN Pets ON Has_Pet.StuID = Pets.StuID WHERE Pets.pet_age > 0 AND Pets.pet_age < 100,0.5967,falcon3:1b,mxbai-embed-large,NLSQLTableQueryEngine + Few-Shot,2025-12-07T18:24:12.436579
57,pets_1,How many different types of pet are there ?,SELECT COUNT(DISTINCT PetType) FROM Pets JOIN Has_Pet ON Pets.PetID = Has_Pet.StuID GROUP BY PetType,0.4601,falcon3:1b,mxbai-embed-large,NLSQLTableQueryEngine + Few-Shot,2025-12-07T18:24:12.896664
58,pets_1,Find the first name of students who have cat or dog pet .,"SELECT T2.LName FROM Student AS T1 JOIN Has_Pet AS T2 ON T1.StuID = T2.StuID WHERE T2.PetType IN ('cat', 'dog')",0.6433,falcon3:1b,mxbai-embed-large,NLSQLTableQueryEngine + Few-Shot,2025-12-07T18:24:13.539928
59,pets_1,What are the first names of every student who has a cat or dog as a pet ?,"SELECT T1.LName FROM Student AS T1 JOIN Has_Pet AS T2 ON T1.StuID = T2.StuID JOIN Pets AS P ON T2.PetID = P.PetID WHERE T2.PetType IN ('cat', 'dog')",0.6971,falcon3:1b,mxbai-embed-large,NLSQLTableQueryEngine + Few-Shot,2025-12-07T18:24:14.237051
60,pets_1,Find the first name of students who have both cat and dog pets .,"SELECT T1.LName FROM Student AS T1 JOIN Has_Pet AS T2 ON T1.StuID = T2.StuID AND T2.PetType IN ('cat', 'dog')",0.5755,falcon3:1b,mxbai-embed-large,NLSQLTableQueryEngine + Few-Shot,2025-12-07T18:24:14.812565
61,pets_1,What are the students ' first names who have both cats and dogs as pets ?,"SELECT Stu.LName, F.Fname FROM Student AS Stu JOIN Pets AS Pet ON Stu.StuID = Pet.PetID AND Pet.PetType = 'cat' OR Pet.PetType = 'dog' GROUP BY Stu.LName ORDER BY Stu.LName ASC LIMIT 1",0.7236,falcon3:1b,mxbai-embed-large,NLSQLTableQueryEngine + Few-Shot,2025-12-07T18:24:15.536811
62,pets_1,Find the major and age of students who do not have a cat pet .,"SELECT Stu.LName, Stu.FName, Stu.Age FROM Student AS Stu JOIN Has_Pet AS H ON Stu.StuID = H.StuID WHERE H.PetType < > 'Cat' AND H.PetID NOT IN (SELECT PetID FROM Pets)",0.6828,falcon3:1b,mxbai-embed-large,NLSQLTableQueryEngine + Few-Shot,2025-12-07T18:24:16.219606
63,pets_1,"What major is every student who does not own a cat as a pet , and also how old are they ?","SELECT T2.LName, T2.FName, T2.Age FROM Student AS T1 JOIN Has_Pet AS T2 ON T1.StuID = T2.StuID WHERE T1.PetType ! = 'Cat' AND T1.PetID NOT IN (SELECT PetID FROM Pets)",0.7745,falcon3:1b,mxbai-embed-large,NLSQLTableQueryEngine + Few-Shot,2025-12-07T18:24:16.994149
64,pets_1,Find the id of students who do not have a cat pet .,SELECT StuID FROM Has_Pet WHERE PetType < > 'Cat',0.3746,falcon3:1b,mxbai-embed-large,NLSQLTableQueryEngine + Few-Shot,2025-12-07T18:24:17.368736
65,pets_1,What are the ids of the students who do not own cats as pets ?,SELECT StuID FROM Student WHERE PetID NOT IN (SELECT PetID FROM Pets),0.3734,falcon3:1b,mxbai-embed-large,NLSQLTableQueryEngine + Few-Shot,2025-12-07T18:24:17.742093
66,pets_1,Find the first name and age of students who have a dog but do not have a cat as a pet .,"SELECT T1.LName, T1.FName, T1.Age FROM Student AS T1 JOIN Has_Pet AS T2 ON T1.StuID = T2.StuID JOIN Pets AS T3 ON T2.PetID = T3.PetID WHERE T3.PetType < > 'cat' AND T3.pet_age > 0",0.836,falcon3:1b,mxbai-embed-large,NLSQLTableQueryEngine + Few-Shot,2025-12-07T18:24:18.578062
67,pets_1,What is the first name of every student who has a dog but does not have a cat ?,SELECT T1.LName FROM Student AS T1 JOIN Has_Pet AS T2 ON T1.StuID = T2.StuID AND T1.PetID ! = T2.PetID WHERE T1.Has_Pet = 'Dog' AND NOT EXISTS(SELECT 1 FROM Pet WHERE PetType = 'Cat'),0.8516,falcon3:1b,mxbai-embed-large,NLSQLTableQueryEngine + Few-Shot,2025-12-07T18:24:19.430785
68,pets_1,Find the type and weight of the youngest pet .,"SELECT PetType, PetWeight FROM Pets WHERE PetAge = MIN(Pets.PetAge) AND PetType NOT IN ('Adult', 'Senior')",0.4754,falcon3:1b,mxbai-embed-large,NLSQLTableQueryEngine + Few-Shot,2025-12-07T18:24:19.906723
69,pets_1,"What type of pet is the youngest animal , and how much does it weigh ?","SELECT PetType, weight FROM Pets WHERE PetID IN (SELECT PetID FROM Stu WHERE Stu.StuID = Pets.PetID) AND pet_age = 0",0.5118,falcon3:1b,mxbai-embed-large,NLSQLTableQueryEngine + Few-Shot,2025-12-07T18:24:20.418511
70,pets_1,Find the id and weight of all pets whose age is older than 1 .,"SELECT StuID, PetID, Weight FROM Has_Pet JOIN Pets ON Has_Pet.StuID = Pets.StuID WHERE PetAge > 1",0.4998,falcon3:1b,mxbai-embed-large,NLSQLTableQueryEngine + Few-Shot,2025-12-07T18:24:20.918294
71,pets_1,What is the id and weight of every pet who is older than 1 ?,"SELECT PetID, Weight FROM Pets WHERE PetAge > 1 AND PetType IN ('Dog', 'Cat')",0.4452,falcon3:1b,mxbai-embed-large,NLSQLTableQueryEngine + Few-Shot,2025-12-07T18:24:21.363462
72,pets_1,Find the average and maximum age for each type of pet .,"SELECT PetType, AVG(Age) AS Average_Age, MAX(Age) AS Maximum_Age FROM Pets GROUP BY PetType",0.4374,falcon3:1b,mxbai-embed-large,NLSQLTableQueryEngine + Few-Shot,2025-12-07T18:24:21.800897
73,pets_1,What is the average and maximum age for each pet type ?,"SELECT PetType, AVG(age) AS avg_age, MAX(age) AS max_age FROM Pets GROUP BY PetType",0.4327,falcon3:1b,mxbai-embed-large,NLSQLTableQueryEngine + Few-Shot,2025-12-07T18:24:22.234669
74,pets_1,Find the average weight for each pet type .,"SELECT PetType, AVG(weight) AS AverageWeight FROM Pets GROUP BY PetType",0.4286,falcon3:1b,mxbai-embed-large,NLSQLTableQueryEngine + Few-Shot,2025-12-07T18:24:22.663250
75,pets_1,What is the average weight for each type of pet ?,"SELECT PetType, AVG(weight) AS AverageWeight FROM Pets GROUP BY PetType ORDER BY AverageWeight ASC LIMIT 1",0.4521,falcon3:1b,mxbai-embed-large,NLSQLTableQueryEngine + Few-Shot,2025-12-07T18:24:23.115373
76,pets_1,Find the first name and age of students who have a pet .,"SELECT Stu.LName, Stu.FName, Stu.Age FROM Student AS Stu JOIN Pets AS Pet ON Stu.StuID = Pet.StuID JOIN Has_Pet AS HPS ON Pet.PetID = HPS.PetID WHERE HPS.PetType IN ('Dog', 'Cat')",0.7363,falcon3:1b,mxbai-embed-large,NLSQLTableQueryEngine + Few-Shot,2025-12-07T18:24:23.851681
77,pets_1,What are the different first names and ages of the students who do have pets ?,"SELECT Stu.LName, Stu.FName, Stu.Age FROM Student AS Stu JOIN Has_Pet AS H ON Stu.StuID = H.StuID JOIN Pets AS P ON H.PetID = P.PetID WHERE H.Has_Pet = 1 AND Stu.Sex = 'M' OR Stu.Sex = 'F'",0.8491,falcon3:1b,mxbai-embed-large,NLSQLTableQueryEngine + Few-Shot,2025-12-07T18:24:24.700787
78,pets_1,Find the id of the pet owned by student whose last name is ‘Smith’ .,SELECT StuID FROM Has_Pet JOIN Pets ON Has_Pet.StuID = Pets.StuID WHERE PetType = 'Smith',0.4652,falcon3:1b,mxbai-embed-large,NLSQLTableQueryEngine + Few-Shot,2025-12-07T18:24:25.165954
79,pets_1,What is the id of the pet owned by the student whose last name is 'Smith ' ?,SELECT StuID FROM Has_Pet JOIN Pets ON Has_Pet.StuID = Pets.StuID WHERE PetType = 'Smith' AND pet_age > = 10,0.5503,falcon3:1b,mxbai-embed-large,NLSQLTableQueryEngine + Few-Shot,2025-12-07T18:24:25.716294
80,pets_1,Find the number of pets for each student who has any pet and student id .,"SELECT StuID, COUNT(*) AS num_pets FROM Has_Pet AS H JOIN Pets AS P ON H.StuID = P.StuID JOIN Student AS S ON P.PetID = S.PetID GROUP BY StuID HAVING COUNT(*) > 1",0.7042,falcon3:1b,mxbai-embed-large,NLSQLTableQueryEngine + Few-Shot,2025-12-07T18:24:26.420471
81,pets_1,"For students who have pets , how many pets does each student have ? list their ids instead of names .",SELECT StuID FROM Has_Pet JOIN Pets ON Has_Pet.StuID = Pets.StuID GROUP BY StuID HAVING COUNT(*) > 1,0.5286,falcon3:1b,mxbai-embed-large,NLSQLTableQueryEngine + Few-Shot,2025-12-07T18:24:26.949100
82,pets_1,Find the first name and gender of student who have more than one pet .,"SELECT T1.LName, T1.FName FROM Student AS T1 JOIN Has_Pet AS T2 ON T1.StuID = T2.StuID JOIN Pets AS T3 ON T2.PetID = T3.PetID WHERE T3.PetType IN ('Dog', 'Cat') AND T3.pet_age > 0 GROUP BY T1.LName, T1.FName ORDER BY COUNT(*) DESC LIMIT 1",1.0968,falcon3:1b,mxbai-embed-large,NLSQLTableQueryEngine + Few-Shot,2025-12-07T18:24:28.045879
83,pets_1,What is the first name and gender of the all the students who have more than one pet ?,"SELECT T1.LName, T1.FName FROM Student AS T1 JOIN Has_Pet AS T2 ON T1.StuID = T2.StuID JOIN Pets AS T3 ON T2.PetID = T3.PetID WHERE T3.weight > 0 AND T3.pet_age > = 0 GROUP BY T1.LName, T1.FName ORDER BY COUNT(*) DESC LIMIT 1",0.943,falcon3:1b,mxbai-embed-large,NLSQLTableQueryEngine + Few-Shot,2025-12-07T18:24:28.988856
84,pets_1,Find the last name of the student who has a cat that is age 3 .,SELECT LName FROM Student AS T1 JOIN Has_Pet AS T2 ON T1.StuID = T2.StuID WHERE T2.PetAge = 3 AND T1.PetType = 'Cat',0.628,falcon3:1b,mxbai-embed-large,NLSQLTableQueryEngine + Few-Shot,2025-12-07T18:24:29.618296
85,pets_1,What is the last name of the student who has a cat that is 3 years old ?,SELECT LName FROM Student AS T1 JOIN Has_Pet AS T2 ON T1.StuID = T2.StuID WHERE T2.PetAge = 3 AND T2.PetType = 'Cat',0.6095,falcon3:1b,mxbai-embed-large,NLSQLTableQueryEngine + Few-Shot,2025-12-07T18:24:30.227807
86,pets_1,Find the average age of students who do not have any pet .,SELECT AVG(Age) FROM student s WHERE StuID NOT IN (SELECT StuID FROM pets p),0.4226,falcon3:1b,mxbai-embed-large,NLSQLTableQueryEngine + Few-Shot,2025-12-07T18:24:30.650359
87,pets_1,What is the average age for all students who do not own any pets ?,SELECT AVG(Age) FROM student WHERE StuID NOT IN (SELECT StuID FROM pets),0.3675,falcon3:1b,mxbai-embed-large,NLSQLTableQueryEngine + Few-Shot,2025-12-07T18:24:31.018194
88,employee_hire_evaluation,How many employees are there ?,SELECT COUNT(*) FROM employee,0.3212,falcon3:1b,mxbai-embed-large,NLSQLTableQueryEngine + Few-Shot,2025-12-07T18:24:31.339426
89,employee_hire_evaluation,Count the number of employees,SELECT COUNT(*) FROM employee,0.2692,falcon3:1b,mxbai-embed-large,NLSQLTableQueryEngine + Few-Shot,2025-12-07T18:24:31.609378
90,employee_hire_evaluation,Sort employee names by their age in ascending order .,SELECT Name FROM employee ORDER BY Age ASC,0.2836,falcon3:1b,mxbai-embed-large,NLSQLTableQueryEngine + Few-Shot,2025-12-07T18:24:31.893471
91,employee_hire_evaluation,List the names of employees and sort in ascending order of age .,SELECT name FROM employee ORDER BY Age ASC,0.3231,falcon3:1b,mxbai-embed-large,NLSQLTableQueryEngine + Few-Shot,2025-12-07T18:24:32.216560
92,employee_hire_evaluation,What is the number of employees from each city ?,"SELECT City, COUNT(*) AS Num_Employees FROM employee JOIN evaluation ON employee.Employee_ID = evaluation.Employee_ID JOIN hiring ON evaluation.Employee_ID = hiring.Employee_ID JOIN shop ON hiring.Shop_ID = shop.Shop_ID GROUP BY City",0.6741,falcon3:1b,mxbai-embed-large,NLSQLTableQueryEngine + Few-Shot,2025-12-07T18:24:32.890689
93,employee_hire_evaluation,Count the number of employees for each city .,"SELECT E1.City, COUNT(*) AS Employee_Count FROM employee AS E1 JOIN evaluation AS E2 ON E1.Employee_ID = E2.Employee_ID GROUP BY E1.City",0.5466,falcon3:1b,mxbai-embed-large,NLSQLTableQueryEngine + Few-Shot,2025-12-07T18:24:33.438183
94,employee_hire_evaluation,Which cities do more than one employee under age 30 come from ?,SELECT DISTINCT city FROM evaluation JOIN hiring ON evaluation.Employee_ID = hiring.Employee_ID WHERE employee.Age < 30 AND city NOT IN (SELECT city FROM evaluation),0.5751,falcon3:1b,mxbai-embed-large,NLSQLTableQueryEngine + Few-Shot,2025-12-07T18:24:34.013271
95,employee_hire_evaluation,Find the cities that have more than one employee under age 30 .,SELECT city FROM evaluation WHERE Employee_ID IN (SELECT Employee_ID FROM hiring GROUP BY City) AND Age < 30,0.4471,falcon3:1b,mxbai-embed-large,NLSQLTableQueryEngine + Few-Shot,2025-12-07T18:24:34.460379
96,employee_hire_evaluation,Find the number of shops in each location .,"SELECT Shop_ID, COUNT(*) AS Number_of_shops FROM evaluation JOIN hiring ON evaluation.Employee_ID = hiring.Employee_ID JOIN shop ON hiring.Shop_ID = shop.Shop_ID GROUP BY Shop_ID",0.6114,falcon3:1b,mxbai-embed-large,NLSQLTableQueryEngine + Few-Shot,2025-12-07T18:24:35.071813
97,employee_hire_evaluation,How many shops are there in each location ?,"SELECT Shop_ID, COUNT(*) AS Number_of_shops FROM evaluation JOIN hiring ON evaluation.Employee_ID = hiring.Employee_ID GROUP BY Shop_ID",0.475,falcon3:1b,mxbai-embed-large,NLSQLTableQueryEngine + Few-Shot,2025-12-07T18:24:35.546842
98,employee_hire_evaluation,Find the manager name and district of the shop whose number of products is the largest .,"SELECT Manager_name, District FROM evaluation JOIN hiring ON evaluation.Employee_ID = hiring.Employee_ID WHERE shop.Shop_ID = evaluation.shop.id AND Number_products = MAX(Number_products)",0.5922,falcon3:1b,mxbai-embed-large,NLSQLTableQueryEngine + Few-Shot,2025-12-07T18:24:36.139050
99,employee_hire_evaluation,What are the manager name and district of the shop that sells the largest number of products ?,"SELECT Manager_name, District FROM shop AS S1 JOIN evaluation AS E ON S1.Shop_ID = E.Employee_ID GROUP BY S1.District HAVING COUNT(*) = MAX(COUNT(*))",0.5839,falcon3:1b,mxbai-embed-large,NLSQLTableQueryEngine + Few-Shot,2025-12-07T18:24:36.722951
100,employee_hire_evaluation,find the minimum and maximum number of products of all stores .,SELECT MIN(Number_products) FROM evaluation JOIN hiring ON evaluation.Employee_ID = employee.Employee_ID JOIN shop ON employee.Employee_ID = shop.Employee_ID WHERE Is_full_time = true AND Shop_ID IN (SELECT SHOP_ID FROM shop GROUP BY SHOP_ID),0.7122,falcon3:1b,mxbai-embed-large,NLSQLTableQueryEngine + Few-Shot,2025-12-07T18:24:37.435113
101,employee_hire_evaluation,What are the minimum and maximum number of products across all the shops ?,"SELECT MIN(NUMBER_products) AS min_products, MAX(NUMBER_products) AS max_products FROM evaluation JOIN shop ON evaluation.Employee_ID = shop.Employee_ID WHERE shop.Shop_ID IN (SELECT Shop_ID FROM hiring) AND shop.Is_full_time = true",0.7364,falcon3:1b,mxbai-embed-large,NLSQLTableQueryEngine + Few-Shot,2025-12-07T18:24:38.172560
102,employee_hire_evaluation,"Return the name , location and district of all shops in descending order of number of products .","SELECT shop.Name, shop.Location, district FROM evaluation AS E JOIN emp_hire ON E.Employee_ID = emp_hire.Employee_ID JOIN shop ON emp_hire.Shop_ID = shop.Shop_ID GROUP BY shop.Name, shop.Location, shop.District ORDER BY COUNT(*) DESC LIMIT 1",0.7503,falcon3:1b,mxbai-embed-large,NLSQLTableQueryEngine + Few-Shot,2025-12-07T18:24:38.922904
103,employee_hire_evaluation,"Sort all the shops by number products in descending order , and return the name , location and district of each shop .","SELECT SHOP.Name AS Shop_name, SHOP.Location AS Location, SHOP.District AS District FROM evaluation AS E JOIN SHOPS AS S ON E.Employee_ID = S.Employee_ID GROUP BY SHOP.Shop_ID, SHOP.Name ORDER BY COUNT(*) DESC LIMIT 1",0.6606,falcon3:1b,mxbai-embed-large,NLSQLTableQueryEngine + Few-Shot,2025-12-07T18:24:39.584157
104,employee_hire_evaluation,Find the names of stores whose number products is more than the average number of products .,SELECT T2.Name FROM evaluation AS T1 JOIN employee AS T2 ON T1.Employee_ID = T2.Employee_ID JOIN shop AS T3 ON T2.Shop_ID = T3.Shop_ID WHERE T3.Number_products > (SELECT AVG(T2.Number_products) FROM evaluation),0.7964,falcon3:1b,mxbai-embed-large,NLSQLTableQueryEngine + Few-Shot,2025-12-07T18:24:40.380587
105,employee_hire_evaluation,Which shops ' number products is above the average ? Give me the shop names .,SELECT SHOP.Name FROM evaluation AS E JOIN SHOP AS S ON E.Employee_ID = S.Employee_ID JOIN hiring AS H ON H.Shop_ID = S.Shop_ID JOIN shop AS S2 ON S2.Shop_ID = S.Shop_ID GROUP BY SHOP.Name HAVING COUNT(*) > (SELECT AVG(Number_products) FROM evaluation AS E JOIN shop AS S ON E.Employee_ID = S.Employee_ID JOIN hiring AS H ON H.Shop_ID = S.Shop_ID JOIN shop AS S2 ON S2.Shop_ID = S.Shop_ID GROUP BY SHOP.Name HAVING COUNT(*) > 1,1.4067,falcon3:1b,mxbai-embed-large,NLSQLTableQueryEngine + Few-Shot,2025-12-07T18:24:41.788267
106,employee_hire_evaluation,find the name of employee who was awarded the most times in the evaluation .,SELECT e1.Name FROM employee AS e1 JOIN evaluation AS ev ON e1.Employee_ID = ev.Employee_ID JOIN hiring AS h ON h.Employee_ID = ev.Employee_ID JOIN shop AS s ON h.Shop_ID = s.Shop_ID WHERE h.Is_full_time AND ev.Year_awarded = (SELECT MAX(Year_awarded) FROM evaluation),0.9143,falcon3:1b,mxbai-embed-large,NLSQLTableQueryEngine + Few-Shot,2025-12-07T18:24:42.702605
107,employee_hire_evaluation,Which employee received the most awards in evaluations ? Give me the employee name .,SELECT E1.Name FROM evaluation AS E1 JOIN employee AS E2 ON E1.Employee_ID = E2.Employee_ID WHERE E2.Year_awarded = 'Most Awards',0.5476,falcon3:1b,mxbai-embed-large,NLSQLTableQueryEngine + Few-Shot,2025-12-07T18:24:43.250176
108,employee_hire_evaluation,Find the name of the employee who got the highest one time bonus .,SELECT E1.Name FROM evaluation AS E1 JOIN employee AS E2 ON E2.Employee_ID = E1.Employee_ID WHERE YEAR_awarded = 'One Time Bonus' AND Bonus > 0,0.6365,falcon3:1b,mxbai-embed-large,NLSQLTableQueryEngine + Few-Shot,2025-12-07T18:24:43.886670
109,employee_hire_evaluation,Which employee received the biggest bonus ? Give me the employee name .,"SELECT E.Employee_ID, E.Name FROM evaluation AS E JOIN hiring AS H ON E.Employee_ID = H.Employee_ID JOIN shop AS S ON H.Shop_ID = S.Shop_ID WHERE S.Location = 'Largest_City' AND H.Year_awarded = 2023 AND Bonus > 10000",0.8529,falcon3:1b,mxbai-embed-large,NLSQLTableQueryEngine + Few-Shot,2025-12-07T18:24:44.739557
110,employee_hire_evaluation,Find the names of employees who never won any award in the evaluation .,SELECT Name FROM employee WHERE Evaluation.Year_awarded NOT IN (SELECT Year_awarded FROM evaluation),0.4078,falcon3:1b,mxbai-embed-large,NLSQLTableQueryEngine + Few-Shot,2025-12-07T18:24:45.148099
111,employee_hire_evaluation,What are the names of the employees who never received any evaluation ?,SELECT Name FROM employee WHERE Year_awarded NOT LIKE '%'*',0.353,falcon3:1b,mxbai-embed-large,NLSQLTableQueryEngine + Few-Shot,2025-12-07T18:24:45.501776
112,employee_hire_evaluation,What is the name of the shop that is hiring the largest number of employees ?,"SELECT SHOP_ID, Name FROM hiring WHERE Employee_ID IN (SELECT MAX(Employee_ID) FROM evaluation)",0.4314,falcon3:1b,mxbai-embed-large,NLSQLTableQueryEngine + Few-Shot,2025-12-07T18:24:45.933188
113,employee_hire_evaluation,Which shop has the most employees ? Give me the shop name .,"SELECT SHOP_ID, Name FROM evaluation JOIN hiring ON evaluation.Employee_ID = hiring.Employee_ID WHERE employment_id IN (SELECT Employee_ID FROM employee GROUP BY Employee_ID) GROUP BY SHOP_ID",0.5968,falcon3:1b,mxbai-embed-large,NLSQLTableQueryEngine + Few-Shot,2025-12-07T18:24:46.530010
114,employee_hire_evaluation,Find the name of the shops that do not hire any employee .,SELECT Shop_ID FROM evaluation WHERE Employee_ID NOT IN (SELECT Employee_ID FROM hiring),0.385,falcon3:1b,mxbai-embed-large,NLSQLTableQueryEngine + Few-Shot,2025-12-07T18:24:46.915056
115,employee_hire_evaluation,Which shops run with no employees ? Find the shop names,SELECT Shop_ID FROM evaluation WHERE Employee_ID NOT IN (SELECT employee.Employee_ID FROM hiring),0.3987,falcon3:1b,mxbai-embed-large,NLSQLTableQueryEngine + Few-Shot,2025-12-07T18:24:47.313775
116,employee_hire_evaluation,Find the number of employees hired in each shop ; show the shop name as well .,"SELECT SHOP_ID, COUNT(Employee_ID) AS Num_Employees FROM hiring JOIN evaluation ON hiring.Employee_ID = evaluation.Employee_ID JOIN shop ON evaluation.Shop_ID = shop.Shop_ID GROUP BY SHOP_ID",0.6135,falcon3:1b,mxbai-embed-large,NLSQLTableQueryEngine + Few-Shot,2025-12-07T18:24:47.927274
117,employee_hire_evaluation,"For each shop , return the number of employees working there and the name of the shop .","SELECT e.Shop_ID, COUNT(e.Employee_ID) AS Num_Employees, e.Name FROM employee AS e JOIN evaluation AS ev ON e.Employee_ID = ev.Employee_ID JOIN hiring AS h ON e.Employee_ID = h.Employee_ID JOIN shop AS s ON h.Shop_ID = s.Shop_ID GROUP BY e.Shop_ID, e.Name",0.9969,falcon3:1b,mxbai-embed-large,NLSQLTableQueryEngine + Few-Shot,2025-12-07T18:24:48.924151
118,employee_hire_evaluation,What is total bonus given in all evaluations ?,SELECT SUM(Bonus) FROM evaluation JOIN employee ON evaluation.Employee_ID = employee.Employee_ID JOIN hiring ON employee.Employee_ID = hiring.Employee_ID WHERE Employee_ID IN ('Shop_ID'),0.6002,falcon3:1b,mxbai-embed-large,NLSQLTableQueryEngine + Few-Shot,2025-12-07T18:24:49.524332
119,employee_hire_evaluation,Find the total amount of bonus given in all the evaluations .,SELECT SUM(Bonus) FROM evaluation JOIN hiring ON evaluation.Employee_ID = hiring.Employee_ID GROUP BY Employee_ID,0.4649,falcon3:1b,mxbai-embed-large,NLSQLTableQueryEngine + Few-Shot,2025-12-07T18:24:49.989244
120,employee_hire_evaluation,Give me all the information about hiring .,"SELECT e1.Employee_ID, e1.Name, e1.Age, e1.City, e1.Shop_ID, e1.Start_from, e1.Is_full_time, e2.Year_awarded, e2.Bonus FROM employee e1 JOIN evaluation e2 ON e1.Employee_ID = e2.Employee_ID JOIN hiring h1 ON e1.Employee_ID = h1.Employee_ID JOIN shop s1 ON h1.Shop_ID = s1.Shop_ID WHERE e1.Start_from = '2023-01-01' AND e1.Is_full_time = true",1.4636,falcon3:1b,mxbai-embed-large,NLSQLTableQueryEngine + Few-Shot,2025-12-07T18:24:51.452829
121,employee_hire_evaluation,What is all the information about hiring ?,"SELECT SHOP_ID, Employee_ID, Start_from, Is_full_time, FROM hiring WHERE Employee_ID IN (SELECT Employee_ID FROM evaluation) AND Shop_ID = employee.shop.id",0.5721,falcon3:1b,mxbai-embed-large,NLSQLTableQueryEngine + Few-Shot,2025-12-07T18:24:52.024957
122,employee_hire_evaluation,Which district has both stores with less than 3000 products and stores with more than 10000 products ?,SELECT DISTINCT d.District FROM evaluation AS E JOIN shop AS S ON E.Shop_ID = S.Employee_ID JOIN hiring AS H ON E.Employee_ID = H.Employee_ID JOIN employee AS E ON E.Employee_ID = H.Employee_ID JOIN shop AS S ON S.Shop_ID = E.Shop_ID WHERE S.Number_products < 3000 AND S.Number_products > 10000 GROUP BY d.District,1.065,falcon3:1b,mxbai-embed-large,NLSQLTableQueryEngine + Few-Shot,2025-12-07T18:24:53.090891
123,employee_hire_evaluation,Find the districts in which there are both shops selling less than 3000 products and shops selling more than 10000 products .,SELECT DISTINCT district FROM evaluation JOIN hiring ON evaluation.Employee_ID = hiring.Employee_ID JOIN shop ON evaluation.Shop_ID = shop.Shop_ID WHERE shop.Number_products < 3000 AND shop.Number_products > 10000,0.7334,falcon3:1b,mxbai-embed-large,NLSQLTableQueryEngine + Few-Shot,2025-12-07T18:24:53.824331
124,employee_hire_evaluation,How many different store locations are there ?,SELECT COUNT(DISTINCT shop.Location) FROM evaluation AS E JOIN employee AS E ON E.Employee_ID = E.Employee_ID JOIN hiring AS H ON E.Employee_ID = H.Employee_ID JOIN shop AS S ON H.Shop_ID = S.Shop_ID GROUP BY SHOP_ID,0.7656,falcon3:1b,mxbai-embed-large,NLSQLTableQueryEngine + Few-Shot,2025-12-07T18:24:54.589910
125,employee_hire_evaluation,Count the number of distinct store locations .,"SELECT COUNT(DISTINCT shop.Location) FROM evaluation AS E JOIN employee AS E ON E.Employee_ID = E.Employee_ID JOIN hiring AS H ON E.Employee_ID = H.Employee_ID JOIN shop AS S ON E.Shop_ID = S.Shop_ID GROUP BY E.City, E.Name, E.Age, E.City ORDER BY City DESC LIMIT 1",0.9224,falcon3:1b,mxbai-embed-large,NLSQLTableQueryEngine + Few-Shot,2025-12-07T18:24:55.512314
126,orchestra,How many conductors are there ?,SELECT COUNT(*) FROM conductor,0.3221,falcon3:1b,mxbai-embed-large,NLSQLTableQueryEngine + Few-Shot,2025-12-07T18:24:55.834395
127,orchestra,Count the number of conductors .,SELECT COUNT(*) FROM conductor,0.2933,falcon3:1b,mxbai-embed-large,NLSQLTableQueryEngine + Few-Shot,2025-12-07T18:24:56.127692
128,orchestra,List the names of conductors in ascending order of age .,"SELECT Conductor_ID, Name FROM conductor ORDER BY Age ASC",0.3166,falcon3:1b,mxbai-embed-large,NLSQLTableQueryEngine + Few-Shot,2025-12-07T18:24:56.444257
129,orchestra,"What are the names of conductors , ordered by age ?","SELECT Conductor_ID, Name FROM conductor ORDER BY Age ASC",0.3265,falcon3:1b,mxbai-embed-large,NLSQLTableQueryEngine + Few-Shot,2025-12-07T18:24:56.770735
130,orchestra,What are the names of conductors whose nationalities are not `` USA '' ?,"SELECT Conductor_ID, Name FROM conductor WHERE Nationality < > 'USA'",0.3591,falcon3:1b,mxbai-embed-large,NLSQLTableQueryEngine + Few-Shot,2025-12-07T18:24:57.129813
131,orchestra,Return the names of conductors that do not have the nationality `` USA '' .,SELECT Conductor_ID FROM conductor WHERE Nationality < > 'USA',0.3419,falcon3:1b,mxbai-embed-large,NLSQLTableQueryEngine + Few-Shot,2025-12-07T18:24:57.472733
132,orchestra,What are the record companies of orchestras in descending order of years in which they were founded ?,SELECT orchestra.Name FROM conductor JOIN orchestra ON conductor.Conductor_ID = orchestra.Conductor_ID JOIN performance ON conductor.Conductor_ID = performance.Conductor_ID JOIN orchestra ON performance.Orchestra_ID = orchestra.Orchestra_ID ORDER BY YEAR_OF_FOUNDATION DESC LIMIT 1,0.7329,falcon3:1b,mxbai-embed-large,NLSQLTableQueryEngine + Few-Shot,2025-12-07T18:24:58.206339
133,orchestra,"Return the record companies of orchestras , sorted descending by the years in which they were founded .","SELECT Orchestra.Name FROM orchestra JOIN performance ON orchestra.Orchestra_ID = performance.Conductor_ID JOIN conductor ON conductor.Conductor_ID = orchestra.Conductor_ID ORDER BY YEAR_OF_FOUNDATION DESC, Conductor.Nationality",0.6331,falcon3:1b,mxbai-embed-large,NLSQLTableQueryEngine + Few-Shot,2025-12-07T18:24:58.840305
134,orchestra,What is the average attendance of shows ?,SELECT AVG(Attendance) FROM show WHERE If_first_show = true AND Result = 'Show',0.4006,falcon3:1b,mxbai-embed-large,NLSQLTableQueryEngine + Few-Shot,2025-12-07T18:24:59.240947
135,orchestra,Return the average attendance across all shows .,SELECT AVG(Attendance) FROM orchestra JOIN performance ON orchestra.Conductor_ID = performance.Conductor_ID JOIN show ON performance.Orchestra_ID = show.Orchestra_ID GROUP BY Orchestra.Name,0.5837,falcon3:1b,mxbai-embed-large,NLSQLTableQueryEngine + Few-Shot,2025-12-07T18:24:59.824638
136,orchestra,What are the maximum and minimum share of performances whose type is not `` Live final '' .,"SELECT MIN(Share) AS Min_Share, MAX(Share) AS Max_Share FROM Performance WHERE Type NOT IN ('Live final') GROUP BY Show_ID",0.4956,falcon3:1b,mxbai-embed-large,NLSQLTableQueryEngine + Few-Shot,2025-12-07T18:25:00.320266
137,orchestra,Return the maximum and minimum shares for performances that do not have the type `` Live final '' .,"SELECT MAX(Share) AS Max_Share, MIN(Share) AS Min_Share FROM Performance WHERE Type NOT IN ('Live final') AND Show_ID NOT IN (SELECT Performance_ID FROM Performance WHERE If_first_show = FALSE)",0.6387,falcon3:1b,mxbai-embed-large,NLSQLTableQueryEngine + Few-Shot,2025-12-07T18:25:00.958973
138,orchestra,How many different nationalities do conductors have ?,SELECT COUNT(DISTINCT Nationality) FROM conductor JOIN orchestra ON conductor.Conductor_ID = orchestra.Conductor_ID JOIN performance ON orchestra.Orchestra_ID = performance.Orchestra_ID WHERE Conductor.Nationality ! = 'Unknown' AND Conductor.Year_of_Work > 1900,0.7606,falcon3:1b,mxbai-embed-large,NLSQLTableQueryEngine + Few-Shot,2025-12-07T18:25:01.719588
139,orchestra,Count the number of different nationalities of conductors .,SELECT COUNT(DISTINCT Nationality) FROM conductor JOIN orchestra ON conductor.Conductor_ID = orchestra.Conductor_ID JOIN performance ON orchestra.Orchestra_ID = performance.Orchestra_ID WHERE Conductor.Nationality ! = 'Unknown' AND Conductor.Year_of_Work > = 1900 GROUP BY Nationality,0.786,falcon3:1b,mxbai-embed-large,NLSQLTableQueryEngine + Few-Shot,2025-12-07T18:25:02.505615
140,orchestra,List names of conductors in descending order of years of work .,"SELECT Conductor_ID, Name FROM conductor ORDER BY Year_of_Work DESC LIMIT 1",0.3805,falcon3:1b,mxbai-embed-large,NLSQLTableQueryEngine + Few-Shot,2025-12-07T18:25:02.886072
141,orchestra,"What are the names of conductors , sorted descending by the number of years they have worked ?","SELECT Conductor_ID, Name FROM conductor ORDER BY Year_of_Work DESC LIMIT 1",0.4006,falcon3:1b,mxbai-embed-large,NLSQLTableQueryEngine + Few-Shot,2025-12-07T18:25:03.286631
142,orchestra,List the name of the conductor with the most years of work .,"SELECT Conductor_ID, Name FROM conductor JOIN orchestra ON conductor.Conductor_ID = orchestra.Conductor_ID JOIN performance ON orchestra.Orchestra_ID = performance.Orchestra_ID WHERE YEAR_OF_WORK = (SELECT MAX(Year_of_Work) FROM conductor)",0.7359,falcon3:1b,mxbai-embed-large,NLSQLTableQueryEngine + Few-Shot,2025-12-07T18:25:04.022566
143,orchestra,What is the name of the conductor who has worked the greatest number of years ?,"SELECT Conductor_ID, Name FROM conductor WHERE Year_of_Work = MAX(Year_of_Work) GROUP BY Conductor_ID",0.4514,falcon3:1b,mxbai-embed-large,NLSQLTableQueryEngine + Few-Shot,2025-12-07T18:25:04.474353
144,orchestra,Show the names of conductors and the orchestras they have conducted .,"SELECT Conductor_ID, Orchestra FROM conductor JOIN orchestra ON conductor.Conductor_ID = orchestra.Conductor_ID JOIN performance ON conductor.Conductor_ID = performance.Conductor_ID WHERE conductor.Year_of_Work = 2023 AND conductor.Nationality = 'French' AND Conductor.Name LIKE '%Orchestra%'",0.8242,falcon3:1b,mxbai-embed-large,NLSQLTableQueryEngine + Few-Shot,2025-12-07T18:25:05.299434
145,orchestra,What are the names of conductors as well as the corresonding orchestras that they have conducted ?,"SELECT conductor.Name, orchestra.Orchestra FROM conductor JOIN orchestra ON conductor.Conductor_ID = orchestra.Conductor_ID WHERE conductor.Year_of_Work = orchestra.Year_of_Founded AND conductor.Nationality = orchestra.Nationality GROUP BY conductor.Name",0.6826,falcon3:1b,mxbai-embed-large,NLSQLTableQueryEngine + Few-Shot,2025-12-07T18:25:05.982000
146,orchestra,Show the names of conductors that have conducted more than one orchestras .,"SELECT Conductor_ID, Name FROM conductor JOIN orchestra ON conductor.Conductor_ID = orchestra.Conductor_ID JOIN performance ON orchestra.Orchestra_ID = performance.Orchestra_ID WHERE Performance_ID IN (SELECT Orchestra_ID FROM conductor JOIN orchestra ON conductor.Conductor_ID = orchestra.Conductor_ID GROUP BY Conductor_ID) AND IF_FIRST_SHOW IS TRUE AND Result = 'Conducted More Than One Orchestras'",1.0153,falcon3:1b,mxbai-embed-large,NLSQLTableQueryEngine + Few-Shot,2025-12-07T18:25:06.997340
147,orchestra,What are the names of conductors who have conducted at more than one orchestra ?,"SELECT Conductor_ID, Name FROM conductor JOIN orchestra ON conductor.Conductor_ID = orchestra.Conductor_ID JOIN performance ON orchestra.Orchestra_ID = performance.Orchestra_ID WHERE Conductor.Year_of_Work > 2015 GROUP BY Conductor_ID",0.693,falcon3:1b,mxbai-embed-large,NLSQLTableQueryEngine + Few-Shot,2025-12-07T18:25:07.690836
148,orchestra,Show the name of the conductor that has conducted the most number of orchestras .,"SELECT Conductor_ID, Name FROM conductor JOIN orchestra ON conductor.Conductor_ID = orchestra.Conductor_ID JOIN performance ON orchestra.Orchestra_ID = performance.Orchestra_ID JOIN show ON performance.Performance_ID = show.Performance_ID WHERE Conductor_ID IN (SELECT Conductor_ID FROM conductor GROUP BY Conductor_ID ORDER BY Year_of_Work DESC LIMIT 1)",0.9591,falcon3:1b,mxbai-embed-large,NLSQLTableQueryEngine + Few-Shot,2025-12-07T18:25:08.649954
149,orchestra,What is the name of the conductor who has conducted the most orchestras ?,"SELECT Conductor_ID, Name FROM conductor JOIN orchestra ON conductor.Conductor_ID = orchestra.Conductor_ID JOIN performance ON orchestra.Orchestra_ID = performance.Orchestra_ID WHERE CONDUCTOR_ID IN (SELECT Conductor_ID FROM conductor GROUP BY Conductor_ID) HAVING COUNT(*) = 1",0.8132,falcon3:1b,mxbai-embed-large,NLSQLTableQueryEngine + Few-Shot,2025-12-07T18:25:09.463145
150,orchestra,Please show the name of the conductor that has conducted orchestras founded after 2008 .,SELECT Conductor_ID FROM conductor WHERE Year_of_Work > 2008 AND Orchestra NOT IN (SELECT Orchestra FROM orchestra WHERE Conductor_ID = conductor.Conductor_ID),0.5551,falcon3:1b,mxbai-embed-large,NLSQLTableQueryEngine + Few-Shot,2025-12-07T18:25:10.018228
151,orchestra,What are the names of conductors who have conducted orchestras founded after the year 2008 ?,"SELECT Conductor_ID, Name FROM conductor WHERE Year_of_Work > 2008 AND Orchestra NOT IN (SELECT Orchestra FROM orchestra ORDER BY Year_of_Founded DESC LIMIT 1)",0.5568,falcon3:1b,mxbai-embed-large,NLSQLTableQueryEngine + Few-Shot,2025-12-07T18:25:10.575705
152,orchestra,Please show the different record companies and the corresponding number of orchestras .,"SELECT Orchestra.Name, COUNT(Orchestra.Orchestra_ID) as Count FROM conductor JOIN orchestra ON conductor.Conductor_ID = orchestra.Conductor_ID JOIN performance ON conductor.Conductor_ID = performance.Conductor_ID JOIN show ON performance.Orchestra_ID = show.Orchestra JOIN orchestra ON show.Orchestra_ID = orchestra.Orchestra JOIN if_first_show ON show.If_first_show = true GROUP BY Orchestra.Name",1.0158,falcon3:1b,mxbai-embed-large,NLSQLTableQueryEngine + Few-Shot,2025-12-07T18:25:11.591499
153,orchestra,How many orchestras does each record company manage ?,SELECT orchestra.Orchestra FROM conductor JOIN orchestra ON conductor.Conductor_ID = orchestra.Conductor_ID JOIN performance ON conductor.Conductor_ID = performance.Conductor_ID JOIN show ON performance.Orchestra_ID = show.Orchestra JOIN orchestra ON show.Orchestra_ID = orchestra.Orchestra_ID GROUP BY orchestra.Orchestra,0.8521,falcon3:1b,mxbai-embed-large,NLSQLTableQueryEngine + Few-Shot,2025-12-07T18:25:12.444209
154,orchestra,Please show the record formats of orchestras in ascending order of count .,"SELECT Orchestra.Major_Record_Format, COUNT(*) AS Count FROM orchestra GROUP BY Orchestra.Major_Record_Format ASC",0.4449,falcon3:1b,mxbai-embed-large,NLSQLTableQueryEngine + Few-Shot,2025-12-07T18:25:12.889065
155,orchestra,"What are the major record formats of orchestras , sorted by their frequency ?",SELECT Orchestra.Major_Record_Format FROM orchestra JOIN performance ON orchestra.Orchestra_ID = performance.Orchestra_ID GROUP BY Orchestra.Major_Record_Format ORDER BY Frequency DESC LIMIT 1,0.5369,falcon3:1b,mxbai-embed-large,NLSQLTableQueryEngine + Few-Shot,2025-12-07T18:25:13.425918
156,orchestra,List the record company shared by the most number of orchestras .,SELECT orchestra.Orchestra FROM conductor JOIN orchestra ON conductor.Conductor_ID = orchestra.Conductor_ID JOIN performance ON conductor.Conductor_ID = performance.Conductor_ID JOIN show ON performance.Orchestra_ID = conductor.Orchestra_ID GROUP BY orchestra.Orchestra HAVING COUNT(SHOW.Performance_ID) = 1,0.822,falcon3:1b,mxbai-embed-large,NLSQLTableQueryEngine + Few-Shot,2025-12-07T18:25:14.248147
157,orchestra,What is the record company used by the greatest number of orchestras ?,"SELECT CONCAT('FROM', Orchestra, ' WHERE Conductor_ID IN (SELECT Conductor_ID FROM conductor GROUP BY Nationality ORDER BY Year_of_Work DESC LIMIT 1)') AS 'Record Company' FROM orchestra JOIN performance ON orchestra.Orchestra_ID = performance.Orchestra_ID JOIN conductor ON performance.Conductor_ID = conductor.Conductor_ID WHERE Conductor_ID IN (SELECT Conductor_ID FROM conductor GROUP BY Nationality ORDER BY Year_of_Work DESC LIMIT 1) GROUP BY Orchestra HAVING COUNT(*) > 1",1.188,falcon3:1b,mxbai-embed-large,NLSQLTableQueryEngine + Few-Shot,2025-12-07T18:25:15.436114
158,orchestra,List the names of orchestras that have no performance .,SELECT Orchestra FROM orchestra JOIN performance ON orchestra.Conductor_ID = performance.Conductor_ID WHERE If_first_show IS NULL AND Result < > 'No Performance',0.5173,falcon3:1b,mxbai-embed-large,NLSQLTableQueryEngine + Few-Shot,2025-12-07T18:25:15.953393
159,orchestra,What are the orchestras that do not have any performances ?,SELECT orchestra FROM orchestra NOT JOIN performance ON orchestra.Conductor_ID = performance.Conductor_ID AND orchestra.Year_of_Work ! = '' AND orchestra.Nationality = '' AND orchestra.Year_of_Work > = performance.Year_of_Founded,0.6841,falcon3:1b,mxbai-embed-large,NLSQLTableQueryEngine + Few-Shot,2025-12-07T18:25:16.637496
160,orchestra,Show the record companies shared by orchestras founded before 2003 and after 2003 .,"SELECT orchestra.Name, Record_Company.Name FROM conductor JOIN orchestra ON conductor.Conductor_ID = orchestra.Conductor_ID JOIN performance ON orchestra.Orchestra_ID = performance.Orchestra JOIN show ON performance.Performance_ID = show.Performance JOIN orchestra ON show.Orchestra_ID = orchestra.Orchestra WHERE YEAR_OF_WORK < 2003 OR YEAR_OF_WORK > 2003 GROUP BY orchestra.Name",1.0148,falcon3:1b,mxbai-embed-large,NLSQLTableQueryEngine + Few-Shot,2025-12-07T18:25:17.652290
161,orchestra,What are the record companies that are used by both orchestras founded before 2003 and those founded after 2003 ?,SELECT orchestra.Name FROM conductor JOIN orchestra ON conductor.Conductor_ID = orchestra.Conductor_ID JOIN performance ON conductor.Conductor_ID = performance.Conductor_ID JOIN orchestra ON performance.Orchestra_ID = orchestra.Orchestra_ID JOIN show ON performance.Performance_ID = show.Performance_ID WHERE YEAR_OF_WORK < 2003 AND YEAR_OF_FOUNDATION > 2003 GROUP BY orchestra.Name,1.2777,falcon3:1b,mxbai-embed-large,NLSQLTableQueryEngine + Few-Shot,2025-12-07T18:25:18.929958
162,orchestra,Find the number of orchestras whose record format is `` CD '' or `` DVD '' .,SELECT COUNT(*) FROM orchestra JOIN performance ON orchestra.Orchestra_ID = performance.Orchestra_ID WHERE Record_Company LIKE 'CD%' OR Record_Company LIKE 'DVD%',0.5624,falcon3:1b,mxbai-embed-large,NLSQLTableQueryEngine + Few-Shot,2025-12-07T18:25:19.492392
163,orchestra,Count the number of orchestras that have CD or DVD as their record format .,SELECT COUNT(*) FROM orchestra AS O JOIN performance AS P ON O.Orchestra_ID = P.Orchestra_ID JOIN conductor AS C ON P.Conductor_ID = C.Conductor_ID WHERE P.Record_Company LIKE 'CD%' OR P.Record_Company LIKE 'DVD',0.7363,falcon3:1b,mxbai-embed-large,NLSQLTableQueryEngine + Few-Shot,2025-12-07T18:25:20.229451
164,orchestra,Show the years in which orchestras that have given more than one performance are founded .,SELECT YEAR_OF_FOUNDATION FROM orchestra JOIN conductor ON conductor.Conductor_ID = orchestra.Conductor_ID WHERE Conductor.Year_of_Work > 2015 GROUP BY CONDUCTOR.Year_of_Work,0.6356,falcon3:1b,mxbai-embed-large,NLSQLTableQueryEngine + Few-Shot,2025-12-07T18:25:20.865020
165,orchestra,What are years of founding for orchestras that have had more than a single performance ?,SELECT YEAR_OF_FOUNDATION FROM orchestra JOIN performance ON orchestra.Orchestra_ID = performance.Orchestra_ID WHERE Performance.Type IN ('Show') AND Performance.If_first_show IS NOT NULL GROUP BY YEAR_OF_FOUNDATION,0.6595,falcon3:1b,mxbai-embed-large,NLSQLTableQueryEngine + Few-Shot,2025-12-07T18:25:21.524547
166,singer,How many singers are there ?,SELECT COUNT(*) FROM singer,0.3768,falcon3:1b,mxbai-embed-large,NLSQLTableQueryEngine + Few-Shot,2025-12-07T18:25:21.901367
167,singer,What is the count of singers ?,SELECT COUNT(*) FROM singer,0.2879,falcon3:1b,mxbai-embed-large,NLSQLTableQueryEngine + Few-Shot,2025-12-07T18:25:22.189292
168,singer,List the name of singers in ascending order of net worth .,SELECT Name FROM singer ORDER BY Net_Worth_Millions ASC,0.3563,falcon3:1b,mxbai-embed-large,NLSQLTableQueryEngine + Few-Shot,2025-12-07T18:25:22.545634
169,singer,What are the names of singers ordered by ascending net worth ?,SELECT Name FROM singer ORDER BY Net_Worth_Millions ASC,0.3349,falcon3:1b,mxbai-embed-large,NLSQLTableQueryEngine + Few-Shot,2025-12-07T18:25:22.881533
170,singer,What are the birth year and citizenship of singers ?,"SELECT Birth_Year, Citizenship FROM singer WHERE Singer_ID IN (SELECT Singer_ID FROM song)",0.4017,falcon3:1b,mxbai-embed-large,NLSQLTableQueryEngine + Few-Shot,2025-12-07T18:25:23.283274
171,singer,What are the birth years and citizenships of the singers ?,"SELECT Birth_Year, Citizenship FROM singer JOIN song ON singer.Singer_ID = song.Singer_ID WHERE Singer.Birth_Year BETWEEN '1980-01-01' AND '2023-12-31'",0.6603,falcon3:1b,mxbai-embed-large,NLSQLTableQueryEngine + Few-Shot,2025-12-07T18:25:23.944345
172,singer,List the name of singers whose citizenship is not `` France '' .,SELECT Name FROM singer WHERE Citizenship < > 'France',0.31,falcon3:1b,mxbai-embed-large,NLSQLTableQueryEngine + Few-Shot,2025-12-07T18:25:24.255017
173,singer,What are the names of the singers who are not French citizens ?,SELECT Name FROM singer WHERE Citizenship < > 'French' AND Nationality NOT IN ('French'),0.4061,falcon3:1b,mxbai-embed-large,NLSQLTableQueryEngine + Few-Shot,2025-12-07T18:25:24.661105
174,singer,Show the name of singers whose birth year is either 1948 or 1949 ?,SELECT Name FROM singer WHERE Birth_Year BETWEEN 1948 AND 1949,0.3701,falcon3:1b,mxbai-embed-large,NLSQLTableQueryEngine + Few-Shot,2025-12-07T18:25:25.031186
175,singer,What are the names of the singers whose birth years are either 1948 or 1949 ?,SELECT name FROM singer WHERE Birth_Year BETWEEN 1948 AND 1949,0.3647,falcon3:1b,mxbai-embed-large,NLSQLTableQueryEngine + Few-Shot,2025-12-07T18:25:25.396616
176,singer,What is the name of the singer with the largest net worth ?,SELECT Name FROM singer WHERE Net_Worth_Millions = MAX(Net_Worth_Millions),0.3959,falcon3:1b,mxbai-embed-large,NLSQLTableQueryEngine + Few-Shot,2025-12-07T18:25:25.792472
177,singer,What is the name of the singer who is worth the most ?,SELECT Name FROM singer AS T1 JOIN song AS T2 ON T1.Singer_ID = T2.singer.ORDER BY Net_Worth_Millions DESC LIMIT 1,0.5387,falcon3:1b,mxbai-embed-large,NLSQLTableQueryEngine + Few-Shot,2025-12-07T18:25:26.331206
178,singer,Show different citizenship of singers and the number of singers of each citizenship .,"SELECT COUNT(*) AS num_singers, COUNT(DISTINCT citizenship) AS num_citizens FROM singer JOIN song ON singer.singer_id = song.singer_id GROUP BY citizenship",0.5664,falcon3:1b,mxbai-embed-large,NLSQLTableQueryEngine + Few-Shot,2025-12-07T18:25:26.897572
179,singer,"For each citizenship , how many singers are from that country ?",SELECT COUNT(*) FROM singer AS S1 JOIN song AS S2 ON S1.Singer_ID = S2.singer.name WHERE S1.Birth_Year = S2.Country AND citizenship = 'Your_Citizenship_Here' GROUP BY citizenship,0.6882,falcon3:1b,mxbai-embed-large,NLSQLTableQueryEngine + Few-Shot,2025-12-07T18:25:27.585813
180,singer,Please show the most common citizenship of singers .,SELECT COUNT(DISTINCT citizenship) FROM singer JOIN song ON singer.singer_id = song.singer_id GROUP BY citizenship,0.4702,falcon3:1b,mxbai-embed-large,NLSQLTableQueryEngine + Few-Shot,2025-12-07T18:25:28.055970
181,singer,What is the most common singer citizenship ?,SELECT COUNT(DISTINCT citizenship) FROM singer AS S1 JOIN song AS S2 ON S1.Singer_ID = S2.singer.ORDER BY COUNT(*) DESC LIMIT 1,0.5102,falcon3:1b,mxbai-embed-large,NLSQLTableQueryEngine + Few-Shot,2025-12-07T18:25:28.567159
182,singer,Show different citizenships and the maximum net worth of singers of each citizenship .,"SELECT S1.Citizenship, MAX(S2.Net_Worth_Millions) AS Max_Net_Worth FROM singer AS S1 JOIN song AS S2 ON S1.Singer_ID = S2.Singer_ID GROUP BY S1.Citizenship",0.6488,falcon3:1b,mxbai-embed-large,NLSQLTableQueryEngine + Few-Shot,2025-12-07T18:25:29.215971
183,singer,"For each citizenship , what is the maximum net worth ?",SELECT MAX(Net_Worth_Millions) AS max_net_worth FROM singer JOIN song ON singer.Singer_ID = song.singer_id GROUP BY citizenship,0.5287,falcon3:1b,mxbai-embed-large,NLSQLTableQueryEngine + Few-Shot,2025-12-07T18:25:29.744630
184,singer,Show titles of songs and names of singers .,"SELECT T2.Title, T1.Name FROM song AS T1 JOIN singer AS T2 ON T1.Singer_ID = T2.singer_id ORDER BY T1.Name DESC LIMIT 1",0.5721,falcon3:1b,mxbai-embed-large,NLSQLTableQueryEngine + Few-Shot,2025-12-07T18:25:30.316744
185,singer,What are the song titles and singer names ?,"SELECT T2.Title, T1.Name FROM song AS T1 JOIN singer AS T2 ON T1.Singer_ID = T2.singer_id ORDER BY T1.Birth_Year DESC LIMIT 1",0.561,falcon3:1b,mxbai-embed-large,NLSQLTableQueryEngine + Few-Shot,2025-12-07T18:25:30.878557
186,singer,Show distinct names of singers that have songs with sales more than 300000 .,SELECT DISTINCT name FROM singer WHERE Sales > 300000 AND Singer_ID IN (SELECT singer.singer_id FROM song),0.521,falcon3:1b,mxbai-embed-large,NLSQLTableQueryEngine + Few-Shot,2025-12-07T18:25:31.399591
187,singer,what are the different names of the singers that have sales more than 300000 ?,SELECT Name FROM singer WHERE Sales > 300000,0.3575,falcon3:1b,mxbai-embed-large,NLSQLTableQueryEngine + Few-Shot,2025-12-07T18:25:31.757650
188,singer,Show the names of singers that have more than one song .,SELECT T2.Name FROM singer AS T1 JOIN song AS T2 ON T1.Singer_ID = T2.Singer_ID WHERE T2.Title LIKE '%more than one%',0.5527,falcon3:1b,mxbai-embed-large,NLSQLTableQueryEngine + Few-Shot,2025-12-07T18:25:32.311025
189,singer,What are the names of the singers that have more than one songs ?,SELECT T2.Name FROM singer AS T1 JOIN song AS T2 ON T1.Singer_ID = T2.Singer_ID WHERE T2.Number_of_Songs > 1,0.5469,falcon3:1b,mxbai-embed-large,NLSQLTableQueryEngine + Few-Shot,2025-12-07T18:25:32.858433
190,singer,Show the names of singers and the total sales of their songs .,"SELECT Name, SUM(Sales) AS Total_Sales FROM singer JOIN song ON singer.Singer_ID = song.Singer_ID GROUP BY Singer.Name",0.4917,falcon3:1b,mxbai-embed-large,NLSQLTableQueryEngine + Few-Shot,2025-12-07T18:25:33.350096
191,singer,"For each singer name , what is the total sales for their songs ?","SELECT S1.Name AS Singer_Name, SUM(S2.Sales) AS Total_Sales FROM singer AS S1 JOIN song AS S2 ON S1.Singer_ID = S2.Singer_ID GROUP BY S1.Name",0.626,falcon3:1b,mxbai-embed-large,NLSQLTableQueryEngine + Few-Shot,2025-12-07T18:25:33.976812
192,singer,List the name of singers that do not have any song .,SELECT Name FROM singer WHERE Song.Singer_ID NOT IN (SELECT Singer_ID FROM song),0.381,falcon3:1b,mxbai-embed-large,NLSQLTableQueryEngine + Few-Shot,2025-12-07T18:25:34.357807
193,singer,What is the sname of every sing that does not have any song ?,SELECT s.sname FROM singer AS s JOIN song AS t ON s.singer_id = t.singer_id WHERE NOT EXISTS (SELECT 1 FROM song AS f WHERE f.singer_id = s.singer_id AND t.Title = f.Title),0.7428,falcon3:1b,mxbai-embed-large,NLSQLTableQueryEngine + Few-Shot,2025-12-07T18:25:35.100601
194,singer,Show the citizenship shared by singers with birth year before 1945 and after 1955 .,SELECT citizenship FROM singer JOIN song ON singer.Singer_ID = song.singer_id WHERE birth_year < 1945 AND birth_year > 1955,0.5516,falcon3:1b,mxbai-embed-large,NLSQLTableQueryEngine + Few-Shot,2025-12-07T18:25:35.652224
195,singer,What are the citizenships that are shared by singers with a birth year before 1945 and after 1955 ?,SELECT DISTINCT citizenship FROM singer JOIN song ON singer.singer_id = song.singer_id WHERE birth_year BETWEEN 1945 AND 1955,0.5357,falcon3:1b,mxbai-embed-large,NLSQLTableQueryEngine + Few-Shot,2025-12-07T18:25:36.187969
