question_id;db_id;question;predicted_sql;latency_seconds;llm_model;embedding_model;method;timestamp
1;concert_singer;How many singers do we have ?;SELECT COUNT(*) FROM singer;54.634;gemma3:4b;mxbai-embed-large;NLSQLTableQueryEngine + Few-Shot;2025-12-07T17:15:15.473019
2;concert_singer;What is the total number of singers ?;SELECT COUNT(*) FROM singer;22.088;gemma3:4b;mxbai-embed-large;NLSQLTableQueryEngine + Few-Shot;2025-12-07T17:15:17.682969
3;concert_singer;Show name , country , age for all singers ordered by age from the oldest to the youngest .;SELECT name, country, age FROM singer ORDER BY age DESC;25.447;gemma3:4b;mxbai-embed-large;NLSQLTableQueryEngine + Few-Shot;2025-12-07T17:15:20.228394
4;concert_singer;What are the names , countries , and ages for every singer in descending order of age ?;SELECT name, country, age FROM singer ORDER BY age DESC;25.138;gemma3:4b;mxbai-embed-large;NLSQLTableQueryEngine + Few-Shot;2025-12-07T17:15:22.742918
5;concert_singer;What is the average , minimum , and maximum age of all singers from France ?;SELECT AVG(age), MIN(age), MAX(age) FROM singer WHERE country = 'France';29.086;gemma3:4b;mxbai-embed-large;NLSQLTableQueryEngine + Few-Shot;2025-12-07T17:15:25.653085
6;concert_singer;What is the average , minimum , and maximum age for all French singers ?;SELECT AVG(age), MIN(age), MAX(age) FROM singer WHERE country = 'France';2.928;gemma3:4b;mxbai-embed-large;NLSQLTableQueryEngine + Few-Shot;2025-12-07T17:15:28.581768
7;concert_singer;Show the name and the release year of the song by the youngest singer .;SELECT T2.Name, T2.Song_release_year FROM singer_in_concert AS T1 JOIN singer AS T2 ON T1.Singer_ID = T2.Singer_ID ORDER BY T2.Age ASC LIMIT 1;43.628;gemma3:4b;mxbai-embed-large;NLSQLTableQueryEngine + Few-Shot;2025-12-07T17:15:32.946557
8;concert_singer;What are the names and release years for all the songs of the youngest singer ?;SELECT T2.Name, T2.Song_release_year FROM singer_in_concert AS T1 JOIN singer AS T2 ON T1.Singer_ID = T2.Singer_ID ORDER BY T2.Age ASC LIMIT 1;44.499;gemma3:4b;mxbai-embed-large;NLSQLTableQueryEngine + Few-Shot;2025-12-07T17:15:37.397289
9;concert_singer;What are all distinct countries where singers above age 20 are from ?;SELECT DISTINCT country FROM singer WHERE age > 20;25.237;gemma3:4b;mxbai-embed-large;NLSQLTableQueryEngine + Few-Shot;2025-12-07T17:15:39.922063
10;concert_singer;What are the different countries with singers above age 20 ?;SELECT DISTINCT country FROM singer WHERE age > 20;25.214;gemma3:4b;mxbai-embed-large;NLSQLTableQueryEngine + Few-Shot;2025-12-07T17:15:42.444586
11;concert_singer;Show all countries and the number of singers in each country .;SELECT country, COUNT(*) FROM singer GROUP BY country;24.218;gemma3:4b;mxbai-embed-large;NLSQLTableQueryEngine + Few-Shot;2025-12-07T17:15:44.866918
12;concert_singer;How many singers are from each country ?;SELECT Country, COUNT(*) FROM singer GROUP BY Country;23.789;gemma3:4b;mxbai-embed-large;NLSQLTableQueryEngine + Few-Shot;2025-12-07T17:15:47.246959
13;concert_singer;List all song names by singers above the average age .;SELECT Song_Name FROM singer WHERE Age > (SELECT AVG(Age) FROM singer);27.737;gemma3:4b;mxbai-embed-large;NLSQLTableQueryEngine + Few-Shot;2025-12-07T17:15:50.022028
14;concert_singer;What are all the song names by singers who are older than average ?;SELECT T2.Song_Name FROM singer_in_concert AS T1 JOIN singer AS T2 ON T1.Singer_ID = T2.Singer_ID JOIN concert AS T3 ON T1.concert_ID = T3.concert_ID WHERE T2.Age > (SELECT AVG(age) FROM singer);50.759;gemma3:4b;mxbai-embed-large;NLSQLTableQueryEngine + Few-Shot;2025-12-07T17:15:55.098950
15;concert_singer;Show location and name for all stadiums with a capacity between 5000 and 10000 .;SELECT Location, Name FROM stadium WHERE Capacity BETWEEN 5000 AND 10000;30.086;gemma3:4b;mxbai-embed-large;NLSQLTableQueryEngine + Few-Shot;2025-12-07T17:15:58.108570
16;concert_singer;What are the locations and names of all stations with capacity between 5000 and 10000 ?;SELECT Location, Name FROM stadium WHERE Capacity BETWEEN 5000 AND 10000;28.865;gemma3:4b;mxbai-embed-large;NLSQLTableQueryEngine + Few-Shot;2025-12-07T17:16:00.996227
17;concert_singer;What is the maximum capacity and the average of all stadiums ?;SELECT MAX(Capacity), AVG(Capacity) FROM stadium;2.466;gemma3:4b;mxbai-embed-large;NLSQLTableQueryEngine + Few-Shot;2025-12-07T17:16:03.466684
18;concert_singer;What is the average and maximum capacities for all stadiums ?;SELECT AVG(Capacity), MAX(Capacity) FROM stadium;24.917;gemma3:4b;mxbai-embed-large;NLSQLTableQueryEngine + Few-Shot;2025-12-07T17:16:05.959409
19;concert_singer;What is the name and capacity for the stadium with highest average attendance ?;SELECT Name, Capacity FROM stadium ORDER BY Average DESC LIMIT 1;25.357;gemma3:4b;mxbai-embed-large;NLSQLTableQueryEngine + Few-Shot;2025-12-07T17:16:08.496232
20;concert_singer;What is the name and capacity for the stadium with the highest average attendance ?;SELECT Name, Capacity FROM stadium ORDER BY Average DESC LIMIT 1;25.223;gemma3:4b;mxbai-embed-large;NLSQLTableQueryEngine + Few-Shot;2025-12-07T17:16:11.019650
21;concert_singer;How many concerts are there in year 2014 or 2015 ?;SELECT COUNT(*) FROM concert WHERE Year = 2014 OR Year = 2015;28.505;gemma3:4b;mxbai-embed-large;NLSQLTableQueryEngine + Few-Shot;2025-12-07T17:16:13.870693
22;concert_singer;How many concerts occurred in 2014 or 2015 ?;SELECT COUNT(*) FROM concert WHERE Year = 2014 OR Year = 2015;28.461;gemma3:4b;mxbai-embed-large;NLSQLTableQueryEngine + Few-Shot;2025-12-07T17:16:16.717539
23;concert_singer;Show the stadium name and the number of concerts in each stadium .;SELECT T2.Name, COUNT(*) FROM concert AS T1 JOIN stadium AS T2 ON T1.Stadium_ID = T2.Stadium_ID GROUP BY T1.Stadium_ID;36.897;gemma3:4b;mxbai-embed-large;NLSQLTableQueryEngine + Few-Shot;2025-12-07T17:16:20.408764
24;concert_singer;For each stadium , how many concerts play there ?;SELECT T2.Name, COUNT(*) FROM singer_in_concert AS T1 JOIN concert AS T2 ON T1.concert_ID = T2.concert_ID JOIN stadium AS T3 ON T2.Stadium_ID = T3.Stadium_ID GROUP BY T3.Stadium_ID;47.476;gemma3:4b;mxbai-embed-large;NLSQLTableQueryEngine + Few-Shot;2025-12-07T17:16:25.157491
25;concert_singer;Show the stadium name and capacity with most number of concerts in year 2014 or after .;SELECT T2.Name, T2.Capacity FROM concert AS T1 JOIN stadium AS T2 ON T1.Stadium_ID = T2.Stadium_ID WHERE T1.Year = 2014 OR T1.Year > 2014 GROUP BY T1.Stadium_ID ORDER BY COUNT(*) DESC LIMIT 1;53.285;gemma3:4b;mxbai-embed-large;NLSQLTableQueryEngine + Few-Shot;2025-12-07T17:16:30.487067
26;concert_singer;What is the name and capacity of the stadium with the most concerts after 2013 ?;SELECT T2.Name, T2.Capacity FROM stadium AS T2 JOIN concert AS T1 ON T2.Stadium_ID = T1.Stadium_ID WHERE T1.Year > 2013 GROUP BY T1.Stadium_ID ORDER BY COUNT(*) DESC LIMIT 1;47.305;gemma3:4b;mxbai-embed-large;NLSQLTableQueryEngine + Few-Shot;2025-12-07T17:16:35.218652
27;concert_singer;Which year has most number of concerts ?;SELECT Year FROM concert GROUP BY Year ORDER BY COUNT(*) DESC LIMIT 1;27.075;gemma3:4b;mxbai-embed-large;NLSQLTableQueryEngine + Few-Shot;2025-12-07T17:16:37.927290
28;concert_singer;What is the year that had the most concerts ?;SELECT Year FROM concert GROUP BY Year ORDER BY COUNT(*) DESC LIMIT 1;25.926;gemma3:4b;mxbai-embed-large;NLSQLTableQueryEngine + Few-Shot;2025-12-07T17:16:40.521103
29;concert_singer;Show the stadium names without any concert .;SELECT name FROM stadium EXCEPT SELECT T2.name FROM concert AS T1 JOIN stadium AS T2 ON T1.stadium_id = T2.stadium_id;36.042;gemma3:4b;mxbai-embed-large;NLSQLTableQueryEngine + Few-Shot;2025-12-07T17:16:44.126625
30;concert_singer;What are the names of the stadiums without any concerts ?;SELECT name FROM stadium EXCEPT SELECT T2.name FROM concert AS T1 JOIN stadium AS T2 ON T1.stadium_id = T2.stadium_id;35.973;gemma3:4b;mxbai-embed-large;NLSQLTableQueryEngine + Few-Shot;2025-12-07T17:16:47.725129
31;concert_singer;Show countries where a singer above age 40 and a singer below 30 are from .;SELECT DISTINCT country FROM singer WHERE age > 40 INTERSECT SELECT country FROM singer WHERE age < 30;31.043;gemma3:4b;mxbai-embed-large;NLSQLTableQueryEngine + Few-Shot;2025-12-07T17:16:50.830506
32;concert_singer;Show names for all stadiums except for stadiums having a concert in year 2014 .;SELECT Name FROM stadium EXCEPT SELECT T2.name FROM concert AS T1 JOIN stadium AS T2 ON T1.stadium_id = T2.stadium_id WHERE T1.year = 2014;40.539;gemma3:4b;mxbai-embed-large;NLSQLTableQueryEngine + Few-Shot;2025-12-07T17:16:54.885537
33;concert_singer;What are the names of all stadiums that did not have a concert in 2014 ?;SELECT Name FROM stadium EXCEPT SELECT T2.name FROM concert AS T1 JOIN stadium AS T2 ON T1.stadium_id = T2.stadium_id WHERE T1.year = 2014;40.923;gemma3:4b;mxbai-embed-large;NLSQLTableQueryEngine + Few-Shot;2025-12-07T17:16:58.978530
34;concert_singer;Show the name and theme for all concerts and the number of singers in each concert .;SELECT T1.Name, T1.Theme, COUNT(T2.Singer_ID) FROM concert AS T1 JOIN singer_in_concert AS T2 ON T1.concert_ID = T2.concert_ID GROUP BY T1.concert_ID;44.956;gemma3:4b;mxbai-embed-large;NLSQLTableQueryEngine + Few-Shot;2025-12-07T17:17:03.474789
35;concert_singer;What are the names , themes , and number of singers for every concert ?;SELECT T1.Name, T1.Theme, COUNT(T2.Singer_ID) FROM concert AS T1 JOIN singer_in_concert AS T2 ON T1.concert_ID = T2.concert_ID JOIN singer AS T3 ON T2.Singer_ID = T3.Singer_ID GROUP BY T1.concert_ID;53.886;gemma3:4b;mxbai-embed-large;NLSQLTableQueryEngine + Few-Shot;2025-12-07T17:17:08.864858
36;concert_singer;List singer names and number of concerts for each singer .;SELECT T1.Name, COUNT(*) FROM singer AS T1 JOIN singer_in_concert AS T2 ON T1.Singer_ID = T2.Singer_ID GROUP BY T1.Singer_ID;38.875;gemma3:4b;mxbai-embed-large;NLSQLTableQueryEngine + Few-Shot;2025-12-07T17:17:12.752969
37;concert_singer;What are the names of the singers and number of concerts for each person ?;SELECT T1.Name, COUNT(*) FROM singer AS T1 JOIN singer_in_concert AS T2 ON T1.Singer_ID = T2.Singer_ID GROUP BY T1.Singer_ID;40.408;gemma3:4b;mxbai-embed-large;NLSQLTableQueryEngine + Few-Shot;2025-12-07T17:17:16.794969
38;concert_singer;List all singer names in concerts in year 2014 .;SELECT T2.Name FROM singer_in_concert AS T1 JOIN singer AS T2 ON T1.Singer_ID = T2.Singer_ID JOIN concert AS T3 ON T1.concert_ID = T3.concert_ID WHERE T3.Year = '2014';5.012;gemma3:4b;mxbai-embed-large;NLSQLTableQueryEngine + Few-Shot;2025-12-07T17:17:21.808002
39;concert_singer;What are the names of the singers who performed in a concert in 2014 ?;SELECT T2.Name FROM singer_in_concert AS T1 JOIN singer AS T2 ON T1.Singer_ID = T2.Singer_ID JOIN concert AS T3 ON T1.concert_ID = T3.concert_ID WHERE T3.Year = 2014;49.184;gemma3:4b;mxbai-embed-large;NLSQLTableQueryEngine + Few-Shot;2025-12-07T17:17:26.727489
40;concert_singer;what is the name and nation of the singer who have a song having 'Hey ' in its name ?;SELECT T1.Name, T1.Country FROM singer AS T1 JOIN singer_in_concert AS T2 ON T1.Singer_ID = T2.Singer_ID JOIN concert AS T3 ON T2.concert_ID = T3.concert_ID WHERE T1.Song_Name LIKE '%Hey%';52.651;gemma3:4b;mxbai-embed-large;NLSQLTableQueryEngine + Few-Shot;2025-12-07T17:17:31.993667
41;concert_singer;What is the name and country of origin of every singer who has a song with the word 'Hey ' in its title ?;SELECT T1.Name, T1.Country FROM singer AS T1 JOIN singer_in_concert AS T2 ON T1.Singer_ID = T2.Singer_ID JOIN concert AS T3 ON T2.concert_ID = T3.concert_ID WHERE T1.Song_Name LIKE '%Hey%';51.233;gemma3:4b;mxbai-embed-large;NLSQLTableQueryEngine + Few-Shot;2025-12-07T17:17:37.118026
42;concert_singer;Find the name and location of the stadiums which some concerts happened in the years of both 2014 and 2015 .;SELECT T2.Name, T2.Location FROM stadium AS T2 JOIN concert AS T1 ON T2.Stadium_ID = T1.Stadium_ID WHERE T1.Year = 2014 OR T1.Year = 2015;45.687;gemma3:4b;mxbai-embed-large;NLSQLTableQueryEngine + Few-Shot;2025-12-07T17:17:41.687241
43;concert_singer;What are the names and locations of the stadiums that had concerts that occurred in both 2014 and 2015 ?;SELECT T2.Name, T2.Location FROM stadium AS T2 JOIN concert AS T1 ON T2.Stadium_ID = T1.Stadium_ID WHERE T1.Year = 2014 INTERSECT SELECT T2.Name, T2.Location FROM stadium AS T2 JOIN concert AS T1 ON T2.Stadium_ID = T1.Stadium_ID WHERE T1.Year = 2015;62.634;gemma3:4b;mxbai-embed-large;NLSQLTableQueryEngine + Few-Shot;2025-12-07T17:17:47.951775
44;concert_singer;Find the number of concerts happened in the stadium with the highest capacity .;SELECT COUNT(*) FROM concert WHERE stadium_ID = (SELECT stadium_ID FROM stadium ORDER BY Capacity DESC LIMIT 1);31.499;gemma3:4b;mxbai-embed-large;NLSQLTableQueryEngine + Few-Shot;2025-12-07T17:17:51.102171
45;concert_singer;What are the number of concerts that occurred in the stadium with the largest capacity ?;SELECT COUNT(*) FROM concert WHERE stadium_ID = (SELECT stadium_ID FROM stadium ORDER BY Capacity DESC LIMIT 1);29.988;gemma3:4b;mxbai-embed-large;NLSQLTableQueryEngine + Few-Shot;2025-12-07T17:17:54.103001
46;pets_1;Find the number of pets whose weight is heavier than 10 .;SELECT COUNT(*) FROM Pets WHERE weight > 10;25.158;gemma3:4b;mxbai-embed-large;NLSQLTableQueryEngine + Few-Shot;2025-12-07T17:17:56.619812
47;pets_1;How many pets have a greater weight than 10 ?;SELECT COUNT(*) FROM Pets WHERE weight > 10;24.289;gemma3:4b;mxbai-embed-large;NLSQLTableQueryEngine + Few-Shot;2025-12-07T17:17:59.049496
48;pets_1;Find the weight of the youngest dog .;SELECT weight FROM Pets WHERE PetType = 'dog' ORDER BY pet_age ASC LIMIT 1;28.826;gemma3:4b;mxbai-embed-large;NLSQLTableQueryEngine + Few-Shot;2025-12-07T17:18:01.933091
49;pets_1;How much does the youngest dog weigh ?;SELECT weight FROM Pets WHERE PetType = 'dog' ORDER BY pet_age ASC LIMIT 1;27.418;gemma3:4b;mxbai-embed-large;NLSQLTableQueryEngine + Few-Shot;2025-12-07T17:18:04.675976
50;pets_1;Find the maximum weight for each type of pet . List the maximum weight and pet type .;SELECT pet_type, MAX(weight) FROM Pets GROUP BY pet_type;26.128;gemma3:4b;mxbai-embed-large;NLSQLTableQueryEngine + Few-Shot;2025-12-07T17:18:07.289344
51;pets_1;List the maximum weight and type for each type of pet .;SELECT PetType, MAX(weight) FROM Pets GROUP BY PetType;25.236;gemma3:4b;mxbai-embed-large;NLSQLTableQueryEngine + Few-Shot;2025-12-07T17:18:09.814228
52;pets_1;Find number of pets owned by students who are older than 20 .;SELECT COUNT(T1.StuID) FROM Student AS T1 JOIN Has_Pet AS T2 ON T1.StuID = T2.StuID WHERE T1.Age > 20;37.231;gemma3:4b;mxbai-embed-large;NLSQLTableQueryEngine + Few-Shot;2025-12-07T17:18:13.538317
53;pets_1;How many pets are owned by students that have an age greater than 20 ?;SELECT COUNT(T1.PetID) FROM Has_Pet AS T1 JOIN Student AS T2 ON T1.StuID = T2.StuID WHERE T2.Age > 20;38.427;gemma3:4b;mxbai-embed-large;NLSQLTableQueryEngine + Few-Shot;2025-12-07T17:18:17.381976
54;pets_1;Find the number of dog pets that are raised by female students ( with sex F ) .;SELECT COUNT(*) FROM Has_Pet AS T1 JOIN Pets AS T2 ON T1.PetID = T2.PetID WHERE T1.StuID IN (SELECT StuID FROM Student WHERE Sex = 'F') AND T2.PetType = 'Dog';44.287;gemma3:4b;mxbai-embed-large;NLSQLTableQueryEngine + Few-Shot;2025-12-07T17:18:21.811703
55;pets_1;How many dog pets are raised by female students ?;SELECT COUNT(*) FROM Has_Pet WHERE PetType = 'Dog' AND Sex = 'F';28.758;gemma3:4b;mxbai-embed-large;NLSQLTableQueryEngine + Few-Shot;2025-12-07T17:18:24.688614
56;pets_1;Find the number of distinct type of pets .;SELECT COUNT(DISTINCT PetType) FROM Pets;23.918;gemma3:4b;mxbai-embed-large;NLSQLTableQueryEngine + Few-Shot;2025-12-07T17:18:27.081182
57;pets_1;How many different types of pet are there ?;SELECT COUNT(DISTINCT PetType) FROM Pets;23.662;gemma3:4b;mxbai-embed-large;NLSQLTableQueryEngine + Few-Shot;2025-12-07T17:18:29.448242
58;pets_1;Find the first name of students who have cat or dog pet .;SELECT T1.Fname FROM Student AS T1 JOIN Has_Pet AS T2 ON T1.StuID = T2.StuID JOIN Pets AS T3 ON T2.PetID = T3.PetID WHERE T3.PetType = 'cat' OR T3.PetType = 'dog';49.374;gemma3:4b;mxbai-embed-large;NLSQLTableQueryEngine + Few-Shot;2025-12-07T17:18:34.386745
59;pets_1;What are the first names of every student who has a cat or dog as a pet ?;SELECT T1.Fname FROM Student AS T1 JOIN Has_Pet AS T2 ON T1.StuID = T2.StuID JOIN Pets AS T3 ON T2.PetID = T3.PetID WHERE T3.PetType = 'cat' OR T3.PetType = 'dog';49.747;gemma3:4b;mxbai-embed-large;NLSQLTableQueryEngine + Few-Shot;2025-12-07T17:18:39.362986
60;pets_1;Find the first name of students who have both cat and dog pets .;SELECT T1.Fname FROM Student AS T1 JOIN Has_Pet AS T2 ON T1.StuID = T2.StuID JOIN Pets AS T3 ON T2.PetID = T3.PetID WHERE T3.PetType = 'cat' AND T3.PetType = 'dog';50.331;gemma3:4b;mxbai-embed-large;NLSQLTableQueryEngine + Few-Shot;2025-12-07T17:18:44.397498
61;pets_1;What are the students ' first names who have both cats and dogs as pets ?;SELECT T1.Fname FROM Student AS T1 JOIN Has_Pet AS T2 ON T1.StuID = T2.StuID JOIN Pets AS T3 ON T2.PetID = T3.PetID WHERE T3.PetType = 'cat' AND T3.PetType = 'dog';49.418;gemma3:4b;mxbai-embed-large;NLSQLTableQueryEngine + Few-Shot;2025-12-07T17:18:49.340423
62;pets_1;Find the major and age of students who do not have a cat pet .;SELECT T1.Major, T1.Age FROM Student AS T1 LEFT JOIN Has_Pet AS T2 ON T1.StuID = T2.StuID WHERE T2.PetID NOT IN (SELECT PetID FROM Pets WHERE PetType = 'cat');45.664;gemma3:4b;mxbai-embed-large;NLSQLTableQueryEngine + Few-Shot;2025-12-07T17:18:53.907482
63;pets_1;What major is every student who does not own a cat as a pet , and also how old are they ?;SELECT T2.Major, T1.Age FROM Student AS T1 JOIN Has_Pet AS T2 ON T1.StuID = T2.StuID LEFT JOIN Pets AS T3 ON T2.PetID = T3.PetID WHERE T3.PetType < > 'Cat';47.798;gemma3:4b;mxbai-embed-large;NLSQLTableQueryEngine + Few-Shot;2025-12-07T17:18:58.688492
64;pets_1;Find the id of students who do not have a cat pet .;SELECT StuID FROM Student WHERE StuID NOT IN (SELECT StuID FROM Has_Pet WHERE PetID IN (SELECT PetID FROM Pets WHERE PetType = 'cat'));36.387;gemma3:4b;mxbai-embed-large;NLSQLTableQueryEngine + Few-Shot;2025-12-07T17:19:02.328192
65;pets_1;What are the ids of the students who do not own cats as pets ?;SELECT StuID FROM Student WHERE StuID NOT IN (SELECT StuID FROM Has_Pet WHERE PetID IN (SELECT PetID FROM Pets WHERE PetType = 'Cat'));35.165;gemma3:4b;mxbai-embed-large;NLSQLTableQueryEngine + Few-Shot;2025-12-07T17:19:05.845368
66;pets_1;Find the first name and age of students who have a dog but do not have a cat as a pet .;SELECT T1.Fname, T1.Age FROM Student AS T1 JOIN Has_Pet AS T2 ON T1.StuID = T2.StuID JOIN Pets AS T3 ON T2.PetID = T3.PetID WHERE T3.PetType = 'dog' AND T3.PetType ! = 'cat';5.267;gemma3:4b;mxbai-embed-large;NLSQLTableQueryEngine + Few-Shot;2025-12-07T17:19:11.113399
67;pets_1;What is the first name of every student who has a dog but does not have a cat ?;SELECT T1.Fname FROM Student AS T1 JOIN Has_Pet AS T2 ON T1.StuID = T2.StuID JOIN Pets AS T3 ON T2.PetID = T3.PetID WHERE T3.PetType = 'dog' AND T3.PetType ! = 'cat';51.063;gemma3:4b;mxbai-embed-large;NLSQLTableQueryEngine + Few-Shot;2025-12-07T17:19:16.220792
68;pets_1;Find the type and weight of the youngest pet .;SELECT PetType, weight FROM Pets ORDER BY pet_age ASC LIMIT 1;27.944;gemma3:4b;mxbai-embed-large;NLSQLTableQueryEngine + Few-Shot;2025-12-07T17:19:19.016306
69;pets_1;What type of pet is the youngest animal , and how much does it weigh ?;SELECT PetType, weight FROM Pets ORDER BY pet_age ASC LIMIT 1;27.054;gemma3:4b;mxbai-embed-large;NLSQLTableQueryEngine + Few-Shot;2025-12-07T17:19:21.723053
70;pets_1;Find the id and weight of all pets whose age is older than 1 .;SELECT PetID, weight FROM Pets WHERE pet_age > 1;25.765;gemma3:4b;mxbai-embed-large;NLSQLTableQueryEngine + Few-Shot;2025-12-07T17:19:24.300648
71;pets_1;What is the id and weight of every pet who is older than 1 ?;SELECT PetID, weight FROM Pets WHERE pet_age > 1;25.546;gemma3:4b;mxbai-embed-large;NLSQLTableQueryEngine + Few-Shot;2025-12-07T17:19:26.856359
72;pets_1;Find the average and maximum age for each type of pet .;SELECT AVG(weight), MAX(weight) FROM Pets GROUP BY PetType;2.583;gemma3:4b;mxbai-embed-large;NLSQLTableQueryEngine + Few-Shot;2025-12-07T17:19:29.440560
73;pets_1;What is the average and maximum age for each pet type ?;SELECT AVG(pet_age), MAX(pet_age) FROM Pets GROUP BY PetType;27.222;gemma3:4b;mxbai-embed-large;NLSQLTableQueryEngine + Few-Shot;2025-12-07T17:19:32.164357
74;pets_1;Find the average weight for each pet type .;SELECT AVG(weight) FROM Pets GROUP BY PetType;24.707;gemma3:4b;mxbai-embed-large;NLSQLTableQueryEngine + Few-Shot;2025-12-07T17:19:34.635645
75;pets_1;What is the average weight for each type of pet ?;SELECT pet_type, AVG(weight) FROM Pets GROUP BY pet_type;26.297;gemma3:4b;mxbai-embed-large;NLSQLTableQueryEngine + Few-Shot;2025-12-07T17:19:37.267114
76;pets_1;Find the first name and age of students who have a pet .;SELECT T1.Fname, T1.Age FROM Student AS T1 JOIN Has_Pet AS T2 ON T1.StuID = T2.StuID JOIN Pets AS T3 ON T2.PetID = T3.PetID;42.682;gemma3:4b;mxbai-embed-large;NLSQLTableQueryEngine + Few-Shot;2025-12-07T17:19:41.535849
77;pets_1;What are the different first names and ages of the students who do have pets ?;SELECT DISTINCT Fname, Age FROM Student WHERE StuID IN (SELECT StuID FROM Has_Pet);29.802;gemma3:4b;mxbai-embed-large;NLSQLTableQueryEngine + Few-Shot;2025-12-07T17:19:44.517105
78;pets_1;Find the id of the pet owned by student whose last name is ‘Smith’ .;SELECT PetID FROM Has_Pet WHERE StuID = (SELECT StuID FROM Student WHERE LName = 'Smith');30.671;gemma3:4b;mxbai-embed-large;NLSQLTableQueryEngine + Few-Shot;2025-12-07T17:19:47.584933
79;pets_1;What is the id of the pet owned by the student whose last name is 'Smith ' ?;SELECT PetID FROM Has_Pet WHERE StuID = (SELECT StuID FROM Student WHERE LName = 'Smith ');30.534;gemma3:4b;mxbai-embed-large;NLSQLTableQueryEngine + Few-Shot;2025-12-07T17:19:50.639446
80;pets_1;Find the number of pets for each student who has any pet and student id .;SELECT T1.StuID, COUNT(*) FROM Has_Pet AS T1 JOIN Pets AS T2 ON T1.PetID = T2.PetID GROUP BY T1.StuID;38.355;gemma3:4b;mxbai-embed-large;NLSQLTableQueryEngine + Few-Shot;2025-12-07T17:19:54.475992
81;pets_1;For students who have pets , how many pets does each student have ? list their ids instead of names .;SELECT StuID, COUNT(PetID) FROM Has_Pet JOIN Pets ON Has_Pet.PetID = Pets.PetID GROUP BY StuID;33.576;gemma3:4b;mxbai-embed-large;NLSQLTableQueryEngine + Few-Shot;2025-12-07T17:19:57.834141
82;pets_1;Find the first name and gender of student who have more than one pet .;SELECT T1.Fname, T1.Sex FROM Student AS T1 JOIN Has_Pet AS T2 ON T1.StuID = T2.StuID GROUP BY T1.StuID HAVING COUNT(*) > 1;41.392;gemma3:4b;mxbai-embed-large;NLSQLTableQueryEngine + Few-Shot;2025-12-07T17:20:01.974992
83;pets_1;What is the first name and gender of the all the students who have more than one pet ?;SELECT T1.Fname, T1.Sex FROM Student AS T1 JOIN Has_Pet AS T2 ON T1.StuID = T2.StuID GROUP BY T1.StuID HAVING COUNT(*) > 1;40.863;gemma3:4b;mxbai-embed-large;NLSQLTableQueryEngine + Few-Shot;2025-12-07T17:20:06.062376
84;pets_1;Find the last name of the student who has a cat that is age 3 .;SELECT T1.LName FROM Student AS T1 JOIN Has_Pet AS T2 ON T1.StuID = T2.StuID JOIN Pets AS T3 ON T2.PetID = T3.PetID WHERE T3.pet_age = 3;44.859;gemma3:4b;mxbai-embed-large;NLSQLTableQueryEngine + Few-Shot;2025-12-07T17:20:10.548903
85;pets_1;What is the last name of the student who has a cat that is 3 years old ?;SELECT T1.LName FROM Student AS T1 JOIN Has_Pet AS T2 ON T1.StuID = T2.StuID JOIN Pets AS T3 ON T2.PetID = T3.PetID WHERE T3.pet_age = 3;44.717;gemma3:4b;mxbai-embed-large;NLSQLTableQueryEngine + Few-Shot;2025-12-07T17:20:15.021906
86;pets_1;Find the average age of students who do not have any pet .;SELECT AVG(Age) FROM Student WHERE StuID NOT IN (SELECT StuID FROM Has_Pet);29.721;gemma3:4b;mxbai-embed-large;NLSQLTableQueryEngine + Few-Shot;2025-12-07T17:20:17.995143
87;pets_1;What is the average age for all students who do not own any pets ?;SELECT AVG(Age) FROM Student WHERE StuID NOT IN (SELECT StuID FROM Has_Pet);28.887;gemma3:4b;mxbai-embed-large;NLSQLTableQueryEngine + Few-Shot;2025-12-07T17:20:20.885007
88;employee_hire_evaluation;How many employees are there ?;SELECT COUNT(*) FROM employee;22.284;gemma3:4b;mxbai-embed-large;NLSQLTableQueryEngine + Few-Shot;2025-12-07T17:20:23.114491
89;employee_hire_evaluation;Count the number of employees;SELECT COUNT(*) FROM employee;21.751;gemma3:4b;mxbai-embed-large;NLSQLTableQueryEngine + Few-Shot;2025-12-07T17:20:25.290699
90;employee_hire_evaluation;Sort employee names by their age in ascending order .;SELECT Name FROM employee ORDER BY Age ASC;23.001;gemma3:4b;mxbai-embed-large;NLSQLTableQueryEngine + Few-Shot;2025-12-07T17:20:27.591936
91;employee_hire_evaluation;List the names of employees and sort in ascending order of age .;SELECT Name FROM employee ORDER BY Age ASC;23.176;gemma3:4b;mxbai-embed-large;NLSQLTableQueryEngine + Few-Shot;2025-12-07T17:20:29.910597
92;employee_hire_evaluation;What is the number of employees from each city ?;SELECT City, COUNT(*) FROM employee GROUP BY City;24.128;gemma3:4b;mxbai-embed-large;NLSQLTableQueryEngine + Few-Shot;2025-12-07T17:20:32.325121
93;employee_hire_evaluation;Count the number of employees for each city .;SELECT City, COUNT(*) FROM employee GROUP BY City;23.828;gemma3:4b;mxbai-embed-large;NLSQLTableQueryEngine + Few-Shot;2025-12-07T17:20:34.709112
94;employee_hire_evaluation;Which cities do more than one employee under age 30 come from ?;SELECT DISTINCT City FROM employee WHERE Age < 30;25.076;gemma3:4b;mxbai-embed-large;NLSQLTableQueryEngine + Few-Shot;2025-12-07T17:20:37.218415
95;employee_hire_evaluation;Find the cities that have more than one employee under age 30 .;SELECT DISTINCT City FROM employee WHERE Age > 29;24.919;gemma3:4b;mxbai-embed-large;NLSQLTableQueryEngine + Few-Shot;2025-12-07T17:20:39.711508
96;employee_hire_evaluation;Find the number of shops in each location .;SELECT Location, COUNT(*) FROM shop GROUP BY Location;23.901;gemma3:4b;mxbai-embed-large;NLSQLTableQueryEngine + Few-Shot;2025-12-07T17:20:42.102636
97;employee_hire_evaluation;How many shops are there in each location ?;SELECT Location, COUNT(*) FROM shop GROUP BY Location;2.423;gemma3:4b;mxbai-embed-large;NLSQLTableQueryEngine + Few-Shot;2025-12-07T17:20:44.526651
98;employee_hire_evaluation;Find the manager name and district of the shop whose number of products is the largest .;SELECT Manager_name, Location FROM shop ORDER BY Number_products DESC LIMIT 1;27.895;gemma3:4b;mxbai-embed-large;NLSQLTableQueryEngine + Few-Shot;2025-12-07T17:20:47.317388
99;employee_hire_evaluation;What are the manager name and district of the shop that sells the largest number of products ?;SELECT Manager_name, Location FROM shop ORDER BY Number_products DESC LIMIT 1;2.712;gemma3:4b;mxbai-embed-large;NLSQLTableQueryEngine + Few-Shot;2025-12-07T17:20:50.030620
100;employee_hire_evaluation;find the minimum and maximum number of products of all stores .;SELECT MIN(Number_products), MAX(Number_products) FROM shop;26.567;gemma3:4b;mxbai-embed-large;NLSQLTableQueryEngine + Few-Shot;2025-12-07T17:20:52.688355
101;employee_hire_evaluation;What are the minimum and maximum number of products across all the shops ?;SELECT MIN(Number_products), MAX(Number_products) FROM shop;26.564;gemma3:4b;mxbai-embed-large;NLSQLTableQueryEngine + Few-Shot;2025-12-07T17:20:55.345309
102;employee_hire_evaluation;Return the name , location and district of all shops in descending order of number of products .;SELECT Name, Location, District FROM shop ORDER BY Number_products DESC;25.465;gemma3:4b;mxbai-embed-large;NLSQLTableQueryEngine + Few-Shot;2025-12-07T17:20:57.892935
103;employee_hire_evaluation;Sort all the shops by number products in descending order , and return the name , location and district of each shop .;SELECT Name, Location, District FROM shop ORDER BY Number_products DESC;26.068;gemma3:4b;mxbai-embed-large;NLSQLTableQueryEngine + Few-Shot;2025-12-07T17:21:00.500311
104;employee_hire_evaluation;Find the names of stores whose number products is more than the average number of products .;SELECT Name FROM shop WHERE Number_products > (SELECT AVG(Number_products) FROM shop);28.593;gemma3:4b;mxbai-embed-large;NLSQLTableQueryEngine + Few-Shot;2025-12-07T17:21:03.360624
105;employee_hire_evaluation;Which shops ' number products is above the average ? Give me the shop names .;SELECT Name FROM shop WHERE Number_products > (SELECT AVG(Number_products) FROM shop);28.121;gemma3:4b;mxbai-embed-large;NLSQLTableQueryEngine + Few-Shot;2025-12-07T17:21:06.173278
106;employee_hire_evaluation;find the name of employee who was awarded the most times in the evaluation .;SELECT T1.Name FROM employee AS T1 JOIN evaluation AS T2 ON T1.Employee_ID = T2.Employee_ID GROUP BY T1.Employee_ID ORDER BY COUNT(*) DESC LIMIT 1;39.819;gemma3:4b;mxbai-embed-large;NLSQLTableQueryEngine + Few-Shot;2025-12-07T17:21:10.155931
107;employee_hire_evaluation;Which employee received the most awards in evaluations ? Give me the employee name .;SELECT T1.Name FROM employee AS T1 JOIN evaluation AS T2 ON T1.Employee_ID = T2.Employee_ID GROUP BY T1.Employee_ID ORDER BY COUNT(*) DESC LIMIT 1;39.641;gemma3:4b;mxbai-embed-large;NLSQLTableQueryEngine + Few-Shot;2025-12-07T17:21:14.120934
108;employee_hire_evaluation;Find the name of the employee who got the highest one time bonus .;SELECT T1.Name FROM employee AS T1 JOIN evaluation AS T2 ON T1.Employee_ID = T2.Employee_ID ORDER BY T2.Bonus DESC LIMIT 1;37.319;gemma3:4b;mxbai-embed-large;NLSQLTableQueryEngine + Few-Shot;2025-12-07T17:21:17.853643
109;employee_hire_evaluation;Which employee received the biggest bonus ? Give me the employee name .;SELECT T1.Name FROM employee AS T1 JOIN evaluation AS T2 ON T1.Employee_ID = T2.Employee_ID ORDER BY T2.Bonus DESC LIMIT 1;38.843;gemma3:4b;mxbai-embed-large;NLSQLTableQueryEngine + Few-Shot;2025-12-07T17:21:21.738609
110;employee_hire_evaluation;Find the names of employees who never won any award in the evaluation .;SELECT T1.Name FROM employee AS T1 LEFT JOIN evaluation AS T2 ON T1.Employee_ID = T2.Employee_ID WHERE T2.Employee_ID IS NULL;37.361;gemma3:4b;mxbai-embed-large;NLSQLTableQueryEngine + Few-Shot;2025-12-07T17:21:25.475878
111;employee_hire_evaluation;What are the names of the employees who never received any evaluation ?;SELECT T1.Name FROM employee AS T1 WHERE T1.Employee_ID NOT IN (SELECT Employee_ID FROM evaluation);33.268;gemma3:4b;mxbai-embed-large;NLSQLTableQueryEngine + Few-Shot;2025-12-07T17:21:28.803625
112;employee_hire_evaluation;What is the name of the shop that is hiring the largest number of employees ?;SELECT T2.Name FROM shop AS T2 JOIN hiring AS T1 ON T2.Shop_ID = T1.Shop_ID GROUP BY T2.Shop_ID ORDER BY COUNT(*) DESC LIMIT 1;40.063;gemma3:4b;mxbai-embed-large;NLSQLTableQueryEngine + Few-Shot;2025-12-07T17:21:32.810946
113;employee_hire_evaluation;Which shop has the most employees ? Give me the shop name .;SELECT T2.Name FROM shop AS T2 JOIN employee AS T1 ON T2.Shop_ID = T1.Shop_ID GROUP BY T2.Shop_ID ORDER BY COUNT(*) DESC LIMIT 1;40.547;gemma3:4b;mxbai-embed-large;NLSQLTableQueryEngine + Few-Shot;2025-12-07T17:21:36.866869
114;employee_hire_evaluation;Find the name of the shops that do not hire any employee .;SELECT Name FROM shop WHERE Shop_ID NOT IN (SELECT Shop_ID FROM hiring);2.844;gemma3:4b;mxbai-embed-large;NLSQLTableQueryEngine + Few-Shot;2025-12-07T17:21:39.711561
115;employee_hire_evaluation;Which shops run with no employees ? Find the shop names;SELECT Name FROM shop WHERE Shop_ID NOT IN (SELECT Shop_ID FROM hiring);27.768;gemma3:4b;mxbai-embed-large;NLSQLTableQueryEngine + Few-Shot;2025-12-07T17:21:42.490547
116;employee_hire_evaluation;Find the number of employees hired in each shop ;;;;;;
117;employee_hire_evaluation;For each shop , return the number of employees working there and the name of the shop .;SELECT T2.Name, COUNT(T1.Employee_ID) FROM employee AS T1 JOIN shop AS T2 ON T1.Employee_ID = T2.Shop_ID GROUP BY T2.Shop_ID;40.606;gemma3:4b;mxbai-embed-large;NLSQLTableQueryEngine + Few-Shot;2025-12-07T17:21:50.257923
118;employee_hire_evaluation;What is total bonus given in all evaluations ?;SELECT SUM(Bonus) FROM evaluation;23.954;gemma3:4b;mxbai-embed-large;NLSQLTableQueryEngine + Few-Shot;2025-12-07T17:21:52.654416
119;employee_hire_evaluation;Find the total amount of bonus given in all the evaluations .;SELECT SUM(Bonus) FROM evaluation;22.852;gemma3:4b;mxbai-embed-large;NLSQLTableQueryEngine + Few-Shot;2025-12-07T17:21:54.940781
120;employee_hire_evaluation;Give me all the information about hiring .;SELECT * FROM hiring;21.669;gemma3:4b;mxbai-embed-large;NLSQLTableQueryEngine + Few-Shot;2025-12-07T17:21:57.108753
121;employee_hire_evaluation;What is all the information about hiring ?;SELECT * FROM hiring;2.14;gemma3:4b;mxbai-embed-large;NLSQLTableQueryEngine + Few-Shot;2025-12-07T17:21:59.249951
122;employee_hire_evaluation;Which district has both stores with less than 3000 products and stores with more than 10000 products ?;SELECT DISTINCT T1.Location FROM shop AS T1 JOIN shop AS T2 ON T1.Shop_ID = T2.Shop_ID WHERE T1.Number_products < 3000 AND T1.Number_products > 10000;44.848;gemma3:4b;mxbai-embed-large;NLSQLTableQueryEngine + Few-Shot;2025-12-07T17:22:03.735733
123;employee_hire_evaluation;Find the districts in which there are both shops selling less than 3000 products and shops selling more than 10000 products .;SELECT DISTINCT T2.Location FROM shop AS T1 JOIN shop AS T2 ON T1.Shop_ID = T2.Shop_ID WHERE T1.Number_products < 3000 AND T1.Number_products > 10000;45.138;gemma3:4b;mxbai-embed-large;NLSQLTableQueryEngine + Few-Shot;2025-12-07T17:22:08.250832
124;employee_hire_evaluation;How many different store locations are there ?;SELECT COUNT(DISTINCT Location) FROM shop;24.348;gemma3:4b;mxbai-embed-large;NLSQLTableQueryEngine + Few-Shot;2025-12-07T17:22:10.686885
125;employee_hire_evaluation;Count the number of distinct store locations .;SELECT COUNT(DISTINCT Location) FROM shop;2.394;gemma3:4b;mxbai-embed-large;NLSQLTableQueryEngine + Few-Shot;2025-12-07T17:22:13.082779
126;orchestra;How many conductors are there ?;SELECT COUNT(*) FROM conductor;22.741;gemma3:4b;mxbai-embed-large;NLSQLTableQueryEngine + Few-Shot;2025-12-07T17:22:15.358331
127;orchestra;Count the number of conductors .;SELECT COUNT(*) FROM conductor;22.854;gemma3:4b;mxbai-embed-large;NLSQLTableQueryEngine + Few-Shot;2025-12-07T17:22:17.644378
128;orchestra;List the names of conductors in ascending order of age .;SELECT Name FROM conductor ORDER BY Age ASC;23.168;gemma3:4b;mxbai-embed-large;NLSQLTableQueryEngine + Few-Shot;2025-12-07T17:22:19.961757
129;orchestra;What are the names of conductors , ordered by age ?;SELECT Name FROM conductor ORDER BY Age;23.363;gemma3:4b;mxbai-embed-large;NLSQLTableQueryEngine + Few-Shot;2025-12-07T17:22:22.299694
130;orchestra;What are the names of conductors whose nationalities are not `` USA '' ?;SELECT Name FROM conductor WHERE Nationality NOT LIKE 'USA';24.889;gemma3:4b;mxbai-embed-large;NLSQLTableQueryEngine + Few-Shot;2025-12-07T17:22:24.789157
131;orchestra;Return the names of conductors that do not have the nationality `` USA '' .;SELECT Name FROM conductor WHERE Nationality < > 'USA';23.904;gemma3:4b;mxbai-embed-large;NLSQLTableQueryEngine + Few-Shot;2025-12-07T17:22:27.180293
132;orchestra;What are the record companies of orchestras in descending order of years in which they were founded ?;SELECT DISTINCT T2.Record_Company FROM orchestra AS T1 JOIN T2 ON T1.Orchestra_ID = T2.Orchestra_ID ORDER BY T1.Year_of_Founded DESC;39.927;gemma3:4b;mxbai-embed-large;NLSQLTableQueryEngine + Few-Shot;2025-12-07T17:22:31.174061
133;orchestra;Return the record companies of orchestras , sorted descending by the years in which they were founded .;SELECT DISTINCT T2.Record_Company FROM orchestra AS T1 JOIN T2 ON T1.Record_Company = T2.Record_Company ORDER BY T1.Year_of_Founded DESC;39.354;gemma3:4b;mxbai-embed-large;NLSQLTableQueryEngine + Few-Shot;2025-12-07T17:22:35.110539
134;orchestra;What is the average attendance of shows ?;SELECT AVG(Attendance) FROM show;2.406;gemma3:4b;mxbai-embed-large;NLSQLTableQueryEngine + Few-Shot;2025-12-07T17:22:37.519252
135;orchestra;Return the average attendance across all shows .;SELECT AVG(Attendance) FROM show;23.201;gemma3:4b;mxbai-embed-large;NLSQLTableQueryEngine + Few-Shot;2025-12-07T17:22:39.840589
136;orchestra;What are the maximum and minimum share of performances whose type is not `` Live final '' .;SELECT MAX(Share), Share FROM performance WHERE Type ! = 'Live final';27.146;gemma3:4b;mxbai-embed-large;NLSQLTableQueryEngine + Few-Shot;2025-12-07T17:22:42.557123
137;orchestra;Return the maximum and minimum shares for performances that do not have the type `` Live final '' .;SELECT MAX(Share), Share FROM performance WHERE Type ! = 'Live final';26.196;gemma3:4b;mxbai-embed-large;NLSQLTableQueryEngine + Few-Shot;2025-12-07T17:22:45.179340
138;orchestra;How many different nationalities do conductors have ?;SELECT COUNT(DISTINCT Nationality) FROM conductor;24.431;gemma3:4b;mxbai-embed-large;NLSQLTableQueryEngine + Few-Shot;2025-12-07T17:22:47.623235
139;orchestra;Count the number of different nationalities of conductors .;SELECT COUNT(DISTINCT Nationality) FROM conductor;25.922;gemma3:4b;mxbai-embed-large;NLSQLTableQueryEngine + Few-Shot;2025-12-07T17:22:50.216517
140;orchestra;List names of conductors in descending order of years of work .;SELECT Name FROM conductor ORDER BY Year_of_Work DESC;25.348;gemma3:4b;mxbai-embed-large;NLSQLTableQueryEngine + Few-Shot;2025-12-07T17:22:52.752386
141;orchestra;What are the names of conductors , sorted descending by the number of years they have worked ?;SELECT Name FROM conductor ORDER BY Year_of_Work DESC;26.188;gemma3:4b;mxbai-embed-large;NLSQLTableQueryEngine + Few-Shot;2025-12-07T17:22:55.371840
142;orchestra;List the name of the conductor with the most years of work .;SELECT Name FROM conductor ORDER BY Year_of_Work DESC LIMIT 1;26.552;gemma3:4b;mxbai-embed-large;NLSQLTableQueryEngine + Few-Shot;2025-12-07T17:22:58.028265
143;orchestra;What is the name of the conductor who has worked the greatest number of years ?;SELECT Name FROM conductor ORDER BY Year_of_Work DESC LIMIT 1;26.531;gemma3:4b;mxbai-embed-large;NLSQLTableQueryEngine + Few-Shot;2025-12-07T17:23:00.682415
144;orchestra;Show the names of conductors and the orchestras they have conducted .;SELECT T1.Name, T2.Orchestra FROM conductor AS T1 JOIN orchestra AS T2 ON T1.Conductor_ID = T2.Conductor_ID;36.728;gemma3:4b;mxbai-embed-large;NLSQLTableQueryEngine + Few-Shot;2025-12-07T17:23:04.355739
145;orchestra;What are the names of conductors as well as the corresonding orchestras that they have conducted ?;SELECT T1.Name, T2.Orchestra FROM conductor AS T1 JOIN orchestra AS T2 ON T1.Conductor_ID = T2.Conductor_ID;38.914;gemma3:4b;mxbai-embed-large;NLSQLTableQueryEngine + Few-Shot;2025-12-07T17:23:08.247789
146;orchestra;Show the names of conductors that have conducted more than one orchestras .;SELECT T1.Name FROM conductor AS T1 JOIN orchestra AS T2 ON T1.Conductor_ID = T2.Conductor_ID GROUP BY T1.Conductor_ID HAVING COUNT(*) > 1;40.857;gemma3:4b;mxbai-embed-large;NLSQLTableQueryEngine + Few-Shot;2025-12-07T17:23:12.334756
147;orchestra;What are the names of conductors who have conducted at more than one orchestra ?;SELECT T1.Name FROM conductor AS T1 JOIN orchestra AS T2 ON T1.Conductor_ID = T2.Conductor_ID GROUP BY T1.Conductor_ID HAVING COUNT(*) > 1;4.034;gemma3:4b;mxbai-embed-large;NLSQLTableQueryEngine + Few-Shot;2025-12-07T17:23:16.369405
148;orchestra;Show the name of the conductor that has conducted the most number of orchestras .;SELECT T1.Name FROM conductor AS T1 JOIN show AS T2 ON T1.Conductor_ID = T2.Conductor_ID GROUP BY T1.Conductor_ID ORDER BY COUNT(*) DESC LIMIT 1;41.313;gemma3:4b;mxbai-embed-large;NLSQLTableQueryEngine + Few-Shot;2025-12-07T17:23:20.502335
149;orchestra;What is the name of the conductor who has conducted the most orchestras ?;SELECT T1.Name FROM conductor AS T1 JOIN orchestra AS T2 ON T1.Conductor_ID = T2.Conductor_ID GROUP BY T1.Conductor_ID ORDER BY COUNT(*) DESC LIMIT 1;42.124;gemma3:4b;mxbai-embed-large;NLSQLTableQueryEngine + Few-Shot;2025-12-07T17:23:24.716128
150;orchestra;Please show the name of the conductor that has conducted orchestras founded after 2008 .;SELECT T1.Name FROM conductor AS T1 JOIN orchestra AS T2 ON T1.Conductor_ID = T2.Conductor_ID WHERE T2.Year_of_Founded > 2008;39.927;gemma3:4b;mxbai-embed-large;NLSQLTableQueryEngine + Few-Shot;2025-12-07T17:23:28.709583
151;orchestra;What are the names of conductors who have conducted orchestras founded after the year 2008 ?;SELECT T1.Name FROM conductor AS T1 JOIN orchestra AS T2 ON T1.Conductor_ID = T2.Conductor_ID WHERE T2.Year_of_Founded > 2008;41.261;gemma3:4b;mxbai-embed-large;NLSQLTableQueryEngine + Few-Shot;2025-12-07T17:23:32.836844
152;orchestra;Please show the different record companies and the corresponding number of orchestras .;SELECT DISTINCT Record_Company, COUNT(*) FROM orchestra GROUP BY Record_Company;27.194;gemma3:4b;mxbai-embed-large;NLSQLTableQueryEngine + Few-Shot;2025-12-07T17:23:35.558493
153;orchestra;How many orchestras does each record company manage ?;SELECT T2.Record_Company, COUNT(*) FROM orchestra AS T1 JOIN conductor AS T2 ON T1.Conductor_ID = T2.Conductor_ID GROUP BY T1.Record_Company;3.966;gemma3:4b;mxbai-embed-large;NLSQLTableQueryEngine + Few-Shot;2025-12-07T17:23:39.525539
154;orchestra;Please show the record formats of orchestras in ascending order of count .;SELECT Major_Record_Format FROM orchestra ORDER BY COUNT(*) ASC;26.245;gemma3:4b;mxbai-embed-large;NLSQLTableQueryEngine + Few-Shot;2025-12-07T17:23:42.151138
155;orchestra;What are the major record formats of orchestras , sorted by their frequency ?;SELECT Major_Record_Format, COUNT(*) FROM orchestra GROUP BY Major_Record_Format ORDER BY COUNT(*) DESC;29.742;gemma3:4b;mxbai-embed-large;NLSQLTableQueryEngine + Few-Shot;2025-12-07T17:23:45.125936
156;orchestra;List the record company shared by the most number of orchestras .;SELECT T2.Record_Company FROM orchestra AS T1 JOIN orchestra AS T2 ON T1.Record_Company = T2.Record_Company GROUP BY T2.Record_Company ORDER BY COUNT(*) DESC LIMIT 1;41.329;gemma3:4b;mxbai-embed-large;NLSQLTableQueryEngine + Few-Shot;2025-12-07T17:23:49.259584
157;orchestra;What is the record company used by the greatest number of orchestras ?;SELECT Record_Company FROM orchestra GROUP BY Record_Company ORDER BY COUNT(*) DESC LIMIT 1;29.414;gemma3:4b;mxbai-embed-large;NLSQLTableQueryEngine + Few-Shot;2025-12-07T17:23:52.202120
158;orchestra;List the names of orchestras that have no performance .;SELECT T2.Name FROM orchestra AS T2 LEFT JOIN show AS T1 ON T2.Orchestra_ID = T1.Orchestra_ID WHERE T1.Performance_ID IS NULL;40.111;gemma3:4b;mxbai-embed-large;NLSQLTableQueryEngine + Few-Shot;2025-12-07T17:23:56.214335
159;orchestra;What are the orchestras that do not have any performances ?;SELECT T1.Orchestra FROM orchestra AS T1 WHERE T1.Orchestra_ID NOT IN (SELECT Orchestra_ID FROM performance);34.352;gemma3:4b;mxbai-embed-large;NLSQLTableQueryEngine + Few-Shot;2025-12-07T17:23:59.650604
160;orchestra;Show the record companies shared by orchestras founded before 2003 and after 2003 .;SELECT DISTINCT Record_Company FROM orchestra WHERE Year_of_Founded < 2003 OR Year_of_Founded > 2003;34.039;gemma3:4b;mxbai-embed-large;NLSQLTableQueryEngine + Few-Shot;2025-12-07T17:24:03.055017
161;orchestra;What are the record companies that are used by both orchestras founded before 2003 and those founded after 2003 ?;SELECT DISTINCT T2.Record_Company FROM orchestra AS T1 JOIN T2 ON T1.Record_Company = T2.Record_Company WHERE T1.Year_of_Founded ! = T2.Year_of_Founded;42.173;gemma3:4b;mxbai-embed-large;NLSQLTableQueryEngine + Few-Shot;2025-12-07T17:24:07.273086
162;orchestra;Find the number of orchestras whose record format is `` CD '' or `` DVD '' .;SELECT COUNT(*) FROM orchestra WHERE Major_Record_Format = 'CD' OR Major_Record_Format = 'DVD';31.751;gemma3:4b;mxbai-embed-large;NLSQLTableQueryEngine + Few-Shot;2025-12-07T17:24:10.449339
163;orchestra;Count the number of orchestras that have CD or DVD as their record format .;SELECT COUNT(*) FROM orchestra WHERE Record_Company IN ('CD', 'DVD');27.736;gemma3:4b;mxbai-embed-large;NLSQLTableQueryEngine + Few-Shot;2025-12-07T17:24:13.223975
164;orchestra;Show the years in which orchestras that have given more than one performance are founded .;SELECT DISTINCT T1.Year_of_Founded FROM orchestra AS T1 JOIN show AS T2 ON T1.Orchestra_ID = T2.Orchestra_ID GROUP BY T1.Orchestra_ID HAVING COUNT(*) > 1;43.692;gemma3:4b;mxbai-embed-large;NLSQLTableQueryEngine + Few-Shot;2025-12-07T17:24:17.594042
165;orchestra;What are years of founding for orchestras that have had more than a single performance ?;SELECT T1.Year_of_Founded FROM orchestra AS T1 JOIN show AS T2 ON T1.Orchestra_ID = T2.Orchestra_ID GROUP BY T1.Orchestra_ID HAVING COUNT(*) > 1;4.439;gemma3:4b;mxbai-embed-large;NLSQLTableQueryEngine + Few-Shot;2025-12-07T17:24:22.034141
166;singer;How many singers are there ?;SELECT COUNT(*) FROM singer;22.347;gemma3:4b;mxbai-embed-large;NLSQLTableQueryEngine + Few-Shot;2025-12-07T17:24:24.269998
167;singer;What is the count of singers ?;SELECT COUNT(*) FROM singer;21.468;gemma3:4b;mxbai-embed-large;NLSQLTableQueryEngine + Few-Shot;2025-12-07T17:24:26.417946
168;singer;List the name of singers in ascending order of net worth .;SELECT Name FROM singer ORDER BY Net_Worth_Millions ASC;24.214;gemma3:4b;mxbai-embed-large;NLSQLTableQueryEngine + Few-Shot;2025-12-07T17:24:28.840449
169;singer;What are the names of singers ordered by ascending net worth ?;SELECT name FROM singer ORDER BY Net_Worth_Millions ASC;24.882;gemma3:4b;mxbai-embed-large;NLSQLTableQueryEngine + Few-Shot;2025-12-07T17:24:31.329835
170;singer;What are the birth year and citizenship of singers ?;SELECT Birth_Year, Citizenship FROM singer;23.586;gemma3:4b;mxbai-embed-large;NLSQLTableQueryEngine + Few-Shot;2025-12-07T17:24:33.689492
171;singer;What are the birth years and citizenships of the singers ?;SELECT Birth_Year, Citizenship FROM singer;23.291;gemma3:4b;mxbai-embed-large;NLSQLTableQueryEngine + Few-Shot;2025-12-07T17:24:36.019091
172;singer;List the name of singers whose citizenship is not `` France '' .;SELECT Name FROM singer WHERE Citizenship ! = ' France ';23.729;gemma3:4b;mxbai-embed-large;NLSQLTableQueryEngine + Few-Shot;2025-12-07T17:24:38.393016
173;singer;What are the names of the singers who are not French citizens ?;SELECT Name FROM singer WHERE Citizenship ! = 'France';23.358;gemma3:4b;mxbai-embed-large;NLSQLTableQueryEngine + Few-Shot;2025-12-07T17:24:40.729921
174;singer;Show the name of singers whose birth year is either 1948 or 1949 ?;SELECT Name FROM singer WHERE Birth_Year = 1948 OR Birth_Year = 1949;30.196;gemma3:4b;mxbai-embed-large;NLSQLTableQueryEngine + Few-Shot;2025-12-07T17:24:43.750526
175;singer;What are the names of the singers whose birth years are either 1948 or 1949 ?;SELECT Name FROM singer WHERE Birth_Year = 1948 OR Birth_Year = 1949;29.994;gemma3:4b;mxbai-embed-large;NLSQLTableQueryEngine + Few-Shot;2025-12-07T17:24:46.751095
176;singer;What is the name of the singer with the largest net worth ?;SELECT Name FROM singer ORDER BY Net_Worth_Millions DESC LIMIT 1;26.642;gemma3:4b;mxbai-embed-large;NLSQLTableQueryEngine + Few-Shot;2025-12-07T17:24:49.416469
177;singer;What is the name of the singer who is worth the most ?;SELECT Name FROM singer ORDER BY Net_Worth_Millions DESC LIMIT 1;26.104;gemma3:4b;mxbai-embed-large;NLSQLTableQueryEngine + Few-Shot;2025-12-07T17:24:52.027611
178;singer;Show different citizenship of singers and the number of singers of each citizenship .;SELECT Citizenship, COUNT(*) FROM singer GROUP BY Citizenship;23.842;gemma3:4b;mxbai-embed-large;NLSQLTableQueryEngine + Few-Shot;2025-12-07T17:24:54.412952
179;singer;For each citizenship , how many singers are from that country ?;SELECT Citizenship, COUNT(*) FROM singer GROUP BY Citizenship;24.074;gemma3:4b;mxbai-embed-large;NLSQLTableQueryEngine + Few-Shot;2025-12-07T17:24:56.821545
180;singer;Please show the most common citizenship of singers .;SELECT Citizenship FROM singer GROUP BY Citizenship ORDER BY COUNT(*) DESC LIMIT 1;25.842;gemma3:4b;mxbai-embed-large;NLSQLTableQueryEngine + Few-Shot;2025-12-07T17:24:59.407363
181;singer;What is the most common singer citizenship ?;SELECT Citizenship FROM singer GROUP BY Citizenship ORDER BY COUNT(*) DESC LIMIT 1;26.195;gemma3:4b;mxbai-embed-large;NLSQLTableQueryEngine + Few-Shot;2025-12-07T17:25:02.027949
182;singer;Show different citizenships and the maximum net worth of singers of each citizenship .;SELECT Citizenship, MAX(Net_Worth_Millions) FROM singer GROUP BY Citizenship;26.419;gemma3:4b;mxbai-embed-large;NLSQLTableQueryEngine + Few-Shot;2025-12-07T17:25:04.670938
183;singer;For each citizenship , what is the maximum net worth ?;SELECT Citizenship, MAX(Net_Worth_Millions) FROM singer GROUP BY Citizenship;26.019;gemma3:4b;mxbai-embed-large;NLSQLTableQueryEngine + Few-Shot;2025-12-07T17:25:07.274175
184;singer;Show titles of songs and names of singers .;SELECT Title, Name FROM song JOIN singer ON song.Singer_ID = singer.Singer_ID;28.465;gemma3:4b;mxbai-embed-large;NLSQLTableQueryEngine + Few-Shot;2025-12-07T17:25:10.121469
185;singer;What are the song titles and singer names ?;SELECT Title, Name FROM song JOIN singer ON song.Singer_ID = singer.Singer_ID;28.239;gemma3:4b;mxbai-embed-large;NLSQLTableQueryEngine + Few-Shot;2025-12-07T17:25:12.946707
186;singer;Show distinct names of singers that have songs with sales more than 300000 .;SELECT DISTINCT Name FROM singer WHERE Singer_ID IN (SELECT Singer_ID FROM song WHERE Sales > 300000);31.919;gemma3:4b;mxbai-embed-large;NLSQLTableQueryEngine + Few-Shot;2025-12-07T17:25:16.139800
187;singer;what are the different names of the singers that have sales more than 300000 ?;SELECT DISTINCT Name FROM singer WHERE Sales > 300000;27.311;gemma3:4b;mxbai-embed-large;NLSQLTableQueryEngine + Few-Shot;2025-12-07T17:25:18.872359
188;singer;Show the names of singers that have more than one song .;SELECT Name FROM singer WHERE Singer_ID IN (SELECT Singer_ID FROM song GROUP BY Singer_ID HAVING COUNT(*) > 1);32.061;gemma3:4b;mxbai-embed-large;NLSQLTableQueryEngine + Few-Shot;2025-12-07T17:25:22.079534
189;singer;What are the names of the singers that have more than one songs ?;SELECT Name FROM singer WHERE Singer_ID IN (SELECT Singer_ID FROM song GROUP BY Singer_ID HAVING COUNT(*) > 1);32.107;gemma3:4b;mxbai-embed-large;NLSQLTableQueryEngine + Few-Shot;2025-12-07T17:25:25.292442
190;singer;Show the names of singers and the total sales of their songs .;SELECT T1.Name, SUM(T2.Sales) FROM singer AS T1 JOIN song AS T2 ON T1.Singer_ID = T2.Singer_ID GROUP BY T1.Singer_ID;39.264;gemma3:4b;mxbai-embed-large;NLSQLTableQueryEngine + Few-Shot;2025-12-07T17:25:29.219458
191;singer;For each singer name , what is the total sales for their songs ?;SELECT Name, SUM(Sales) FROM song JOIN singer ON song.Singer_ID = singer.Singer_ID GROUP BY singer.Name;31.925;gemma3:4b;mxbai-embed-large;NLSQLTableQueryEngine + Few-Shot;2025-12-07T17:25:32.412452
192;singer;List the name of singers that do not have any song .;SELECT Name FROM singer WHERE Singer_ID NOT IN (SELECT Singer_ID FROM song);28.205;gemma3:4b;mxbai-embed-large;NLSQLTableQueryEngine + Few-Shot;2025-12-07T17:25:35.233956
193;singer;What is the sname of every sing that does not have any song ?;SELECT Name FROM singer WHERE Singer_ID NOT IN (SELECT Singer_ID FROM song);27.176;gemma3:4b;mxbai-embed-large;NLSQLTableQueryEngine + Few-Shot;2025-12-07T17:25:37.952679
194;singer;Show the citizenship shared by singers with birth year before 1945 and after 1955 .;SELECT DISTINCT Citizenship FROM singer WHERE Birth_Year < 1945 INTERSECT SELECT Citizenship FROM singer WHERE Birth_Year > 1955;33.335;gemma3:4b;mxbai-embed-large;NLSQLTableQueryEngine + Few-Shot;2025-12-07T17:25:41.286748
195;singer;What are the citizenships that are shared by singers with a birth year before 1945 and after 1955 ?;SELECT DISTINCT Citizenship FROM singer WHERE Birth_Year < 1945 INTERSECT SELECT Citizenship FROM singer WHERE Birth_Year > 1955;34.055;gemma3:4b;mxbai-embed-large;NLSQLTableQueryEngine + Few-Shot;2025-12-07T17:25:44.693466
