question_id,db_id,question,predicted_sql,latency_seconds,model,timestamp
1,concert_singer,How many singers do we have ?,SELECT COUNT(*) FROM stadium JOIN singer ON stadium.Singer_ID = singer.Singer_ID JOIN concert ON singer.concert_ID = concert.concert_ID JOIN singer_in_concert ON concert.concert_ID = singer_in_concert.concert_ID,5.9672,granite3.3:2b,2025-12-06T15:18:32.207908
2,concert_singer,What is the total number of singers ?,SELECT COUNT(T1.Singer_ID) FROM singer T1,0.4123,granite3.3:2b,2025-12-06T15:18:32.621276
3,concert_singer,"Show name , country , age for all singers ordered by age from the oldest to the youngest .","SELECT name, country, age FROM singer ORDER BY age DESC",0.5201,granite3.3:2b,2025-12-06T15:18:33.143023
4,concert_singer,"What are the names , countries , and ages for every singer in descending order of age ?","SELECT name, country, age FROM singer ORDER BY age DESC",0.5162,granite3.3:2b,2025-12-06T15:18:33.661367
5,concert_singer,"What is the average , minimum , and maximum age of all singers from France ?","SELECT AVG(s.age), MIN(s.age), MAX(s.age) FROM singer s WHERE s.country = 'France'",0.8329,granite3.3:2b,2025-12-06T15:18:34.496978
6,concert_singer,"What is the average , minimum , and maximum age for all French singers ?","SELECT AVG(s.age), MIN(s.age), MAX(s.age) FROM singer s WHERE s.country = 'France'",0.8412,granite3.3:2b,2025-12-06T15:18:35.339210
7,concert_singer,Show the name and the release year of the song by the youngest singer .,"SELECT T1.Name, T1.Song_release_year FROM stadium AS T1 JOIN concert AS T2 ON T1.concert_ID = T2.concert_ID JOIN singer_in_concert AS T3 ON T2.concert_ID = T3.concert_ID WHERE T3.Singer_ID = (SELECT Singer_ID FROM singer ORDER BY Age LIMIT 1) AND Is_male = true",1.8307,granite3.3:2b,2025-12-06T15:18:37.171022
8,concert_singer,What are the names and release years for all the songs of the youngest singer ?,"SELECT T1.Name, T1.Song_release_year FROM singer AS T1 JOIN concert_in_song AS T2 ON T1.Singer_ID = T2.Singer_ID WHERE T1.Age = (SELECT MIN(Age) FROM singer)",1.258,granite3.3:2b,2025-12-06T15:18:38.431202
9,concert_singer,What are all distinct countries where singers above age 20 are from ?,SELECT DISTINCT s.country FROM singer s WHERE s.age > 20,0.5819,granite3.3:2b,2025-12-06T15:18:39.014134
10,concert_singer,What are the different countries with singers above age 20 ?,SELECT DISTINCT country FROM singer WHERE age > 20,0.3676,granite3.3:2b,2025-12-06T15:18:39.381715
11,concert_singer,Show all countries and the number of singers in each country .,"SELECT T1.Country, COUNT(DISTINCT T3.Singer_ID) FROM stadium AS T1 JOIN singer_in_concert AS T2 ON T1.concert_ID = T2.concert_ID JOIN singer AS T3 ON T2.Singer_ID = T3.Singer_ID GROUP BY T1.Country",1.5226,granite3.3:2b,2025-12-06T15:18:40.905325
12,concert_singer,How many singers are from each country ?,"SELECT T1.country, COUNT(DISTINCT T1.Singer_ID) FROM singer AS T1 JOIN singer_in_concert AS T2 ON T1.Singer_ID = T2.Singer_ID GROUP BY T1.country",1.0447,granite3.3:2b,2025-12-06T15:18:41.951030
13,concert_singer,List all song names by singers above the average age .,SELECT Song_Name FROM singer JOIN singer_in_concert ON singer.Singer_ID = singer_in_concert.Singer_ID WHERE singer.Age > (SELECT AVG(age) FROM stadium) AND concert_ID IS NOT NULL,1.2392,granite3.3:2b,2025-12-06T15:18:43.192231
14,concert_singer,What are all the song names by singers who are older than average ?,SELECT Song_Name FROM singer WHERE Age > (SELECT AVG(Age) FROM singer),0.4825,granite3.3:2b,2025-12-06T15:18:43.675796
15,concert_singer,Show location and name for all stadiums with a capacity between 5000 and 10000 .,"SELECT Location, Name FROM stadium WHERE Capacity BETWEEN 5000 AND 10000",0.6819,granite3.3:2b,2025-12-06T15:18:44.358742
16,concert_singer,What are the locations and names of all stations with capacity between 5000 and 10000 ?,"SELECT T2.Location, T2.Name FROM stadium AS T1 JOIN concert AS T2 ON T1.Stadium_ID = T2.Stadium_ID WHERE T1.Capacity BETWEEN 5000 AND 10000",1.1713,granite3.3:2b,2025-12-06T15:18:45.531085
17,concert_singer,What is the maximum capacity and the average of all stadiums ?,"SELECT MAX(stadium.Capacity), AVG(stadium.Average) FROM stadium INTERSECT SELECT MAX(concert.Capacity), AVG(concert.Average) FROM concert",0.9366,granite3.3:2b,2025-12-06T15:18:46.469215
18,concert_singer,What is the average and maximum capacities for all stadiums ?,"SELECT AVG(T1.Capacity), MAX(T1.Capacity) FROM stadium AS T1",0.6957,granite3.3:2b,2025-12-06T15:18:47.164931
19,concert_singer,What is the name and capacity for the stadium with highest average attendance ?,"SELECT T2.name, T2.capacity FROM stadium AS T1 JOIN concert AS T2 ON T1.stadium_id = T2.stadium_id WHERE T1.Highest = (SELECT MAX(Highest) FROM stadium) ORDER BY T2.average DESC LIMIT 1",1.1464,granite3.3:2b,2025-12-06T15:18:48.311373
20,concert_singer,What is the name and capacity for the stadium with the highest average attendance ?,"SELECT T2.name, T1.capacity FROM stadium AS T1 JOIN concert AS T2 ON T1.Stadium_ID = T2.Stadium_ID WHERE T1.Highest = (SELECT MAX(Highest) FROM stadium) ORDER BY T1.Average DESC LIMIT 1",1.1482,granite3.3:2b,2025-12-06T15:18:49.459910
21,concert_singer,How many concerts are there in year 2014 or 2015 ?,SELECT COUNT(*) FROM concert WHERE YEAR = '2014' OR YEAR = '2015',0.6749,granite3.3:2b,2025-12-06T15:18:50.135797
22,concert_singer,How many concerts occurred in 2014 or 2015 ?,"SELECT COUNT(*) FROM concert WHERE YEAR IN ('2014', '2015')",0.492,granite3.3:2b,2025-12-06T15:18:50.629841
23,concert_singer,Show the stadium name and the number of concerts in each stadium .,"SELECT T2.name, COUNT(*) FROM singer_in_concert AS T1 JOIN concert AS T2 ON T1.concert_ID = T2.concert_ID GROUP BY T2.stadium_ID",1.0744,granite3.3:2b,2025-12-06T15:18:51.706266
24,concert_singer,"For each stadium , how many concerts play there ?","SELECT T1.Name, COUNT(T3.concert_ID) FROM stadium AS T1 JOIN concert AS T2 ON T1.Stadium_ID = T2.Stadium_ID GROUP BY T1.Name",1.0935,granite3.3:2b,2025-12-06T15:18:52.801317
25,concert_singer,Show the stadium name and capacity with most number of concerts in year 2014 or after .,"SELECT T1.name, T1.capacity FROM stadium AS T1 JOIN concert AS T2 ON T1.stadium_id = T2.stadium_id WHERE YEAR(T2.year) > = '2014' GROUP BY T1.stadium_id ORDER BY COUNT(*) DESC LIMIT 1",1.4084,granite3.3:2b,2025-12-06T15:18:54.211709
26,concert_singer,What is the name and capacity of the stadium with the most concerts after 2013 ?,"SELECT T2.name, T2.capacity FROM stadium AS T1 JOIN concert AS T2 ON T1.Stadium_ID = T2.Stadium_ID WHERE T2.Year > 2013 GROUP BY T1.Stadium_ID ORDER BY COUNT(*) DESC LIMIT 1",1.3279,granite3.3:2b,2025-12-06T15:18:55.539602
27,concert_singer,Which year has most number of concerts ?,"SELECT YEAR(concert_Name) AS concert_year, COUNT(*) AS num_concerts FROM concert GROUP BY concert_year ORDER BY num_concerts DESC LIMIT 1",0.9355,granite3.3:2b,2025-12-06T15:18:56.476060
28,concert_singer,What is the year that had the most concerts ?,SELECT Year FROM concert GROUP BY Year ORDER BY COUNT(*) DESC LIMIT 1,0.5554,granite3.3:2b,2025-12-06T15:18:57.034466
29,concert_singer,Show the stadium names without any concert .,SELECT name FROM stadium WHERE stadium_id NOT IN (SELECT T1.stadium_id FROM concert AS T1 JOIN singer_in_concert AS T2 ON T1.concert_id = T2.concert_id),1.1427,granite3.3:2b,2025-12-06T15:18:58.178150
30,concert_singer,What are the names of the stadiums without any concerts ?,SELECT T1.name FROM stadium AS T1 LEFT JOIN concert ON T1.stadium_id = T2.stadium_id WHERE T2.concert_ID IS NULL,0.7935,granite3.3:2b,2025-12-06T15:18:58.974191
31,concert_singer,Show countries where a singer above age 40 and a singer below 30 are from .,SELECT DISTINCT country FROM stadium JOIN concert ON stadium.stadium_id = concert.stadium_id JOIN singer_in_concert ON concert.concert_id = singer_in_concert.concert_id JOIN singer ON singer_in_concert.singer_id = singer.singer_id WHERE singer.age > 40 INTERSECT SELECT DISTINCT country FROM stadium JOIN concert ON stadium.stadium_id = concert.stadium_id JOIN singer_in_concert ON concert.concert_id = singer_in_concert.concert_id JOIN singer ON singer_in_concert.singer_id = singer.singer_id WHERE singer.age < 30,3.0219,granite3.3:2b,2025-12-06T15:19:01.997057
32,concert_singer,Show names for all stadiums except for stadiums having a concert in year 2014 .,SELECT T1.name FROM stadium AS T1 EXCEPT SELECT T3.name FROM concert AS T2 JOIN singer_in_concert AS T3 ON T2.concert_ID = T3.concert_ID WHERE YEAR(T2.Year) = '2014',1.3191,granite3.3:2b,2025-12-06T15:19:03.318194
33,concert_singer,What are the names of all stadiums that did not have a concert in 2014 ?,SELECT T1.name FROM stadium T1 EXCEPT SELECT T3.name FROM concert AS T2 JOIN singer_in_concert AS T3 ON T2.concert_id = T3.concert_id WHERE YEAR(T2.year) = '2014',1.2879,granite3.3:2b,2025-12-06T15:19:04.606058
34,concert_singer,Show the name and theme for all concerts and the number of singers in each concert .,"SELECT c.concert_Name, T1.Theme FROM concert AS T1 JOIN singer_in_concert AS T2 ON T1.concert_ID = T2.concert_ID GROUP BY T1.concert_ID",1.1511,granite3.3:2b,2025-12-06T15:19:05.758133
35,concert_singer,"What are the names , themes , and number of singers for every concert ?","SELECT T1.Name, T3.Theme, COUNT(T2.concert_ID) FROM singer_in_concert AS T2 JOIN concert AS T3 ON T2.concert_ID = T3.concert_ID JOIN singer AS T1 ON T2.Singer_ID = T1.Singer_ID GROUP BY T3.concert_ID, T1.Name",1.5472,granite3.3:2b,2025-12-06T15:19:07.306426
36,concert_singer,List singer names and number of concerts for each singer .,"SELECT T1.name, COUNT(T3.concert_ID) FROM singer_in_concert AS T3 JOIN singer AS T1 ON T3.Singer_ID = T1.Singer_ID JOIN concert AS T2 ON T3.concert_ID = T2.concert_ID GROUP BY T1.name",1.3499,granite3.3:2b,2025-12-06T15:19:08.658837
37,concert_singer,What are the names of the singers and number of concerts for each person ?,"SELECT s.Name, COUNT(c.concert_ID) FROM singer s",0.9539,granite3.3:2b,2025-12-06T15:19:09.613779
38,concert_singer,List all singer names in concerts in year 2014 .,SELECT T2.Name FROM singer_in_concert AS T1 JOIN singer AS T2 ON T1.Singer_ID = T2.Singer_ID WHERE YEAR(T2.Song_release_year) = 2014,1.1707,granite3.3:2b,2025-12-06T15:19:10.785500
39,concert_singer,What are the names of the singers who performed in a concert in 2014 ?,SELECT T2.name FROM singer_in_concert AS T1 JOIN singer AS T2 ON T1.singer_id = T2.singer_id WHERE YEAR(T1.concert_ID) = '2014',1.1736,granite3.3:2b,2025-12-06T15:19:11.960095
40,concert_singer,what is the name and nation of the singer who have a song having 'Hey ' in its name ?,"SELECT T1.Name, T2.Country FROM stadium AS T1 JOIN singer AS T2 ON T1.Stadium_ID = T2.Singer_ID WHERE Song_Name LIKE '%Hey%'",1.026,granite3.3:2b,2025-12-06T15:19:12.988094
41,concert_singer,What is the name and country of origin of every singer who has a song with the word 'Hey ' in its title ?,"SELECT T1.name, T2.country FROM singer AS T1 JOIN has_pet AS T2 ON T1.singer_id = T2.stuid WHERE song_name LIKE '%Hey%'",1.0424,granite3.3:2b,2025-12-06T15:19:14.032040
42,concert_singer,Find the name and location of the stadiums which some concerts happened in the years of both 2014 and 2015 .,"SELECT T1.name, T1.location FROM stadium AS T1 JOIN concert AS T2 ON T1.stadium_id = T2.stadium_id WHERE T2.year IN ('2014', '2015') GROUP BY T1.stadium_id HAVING COUNT(DISTINCT T2.concert_Name) > 0",1.5926,granite3.3:2b,2025-12-06T15:19:15.625639
43,concert_singer,What are the names and locations of the stadiums that had concerts that occurred in both 2014 and 2015 ?,"SELECT T1.name, T1.location FROM stadium AS T1 JOIN concert AS T2 ON T1.stadium_id = T2.stadium_id WHERE YEAR(T2.year) IN ('2014', '2015') GROUP BY T1.name, T1.location HAVING COUNT(DISTINCT T2.concert_ID) > 1",1.5614,granite3.3:2b,2025-12-06T15:19:17.189844
44,concert_singer,Find the number of concerts happened in the stadium with the highest capacity .,SELECT COUNT(*) FROM concert c JOIN stadium s ON c.stadium_id = s.Stadium_ID WHERE s.Capacity = (SELECT MAX(Capacity) FROM stadium),0.9367,granite3.3:2b,2025-12-06T15:19:18.128568
45,concert_singer,What are the number of concerts that occurred in the stadium with the largest capacity ?,SELECT COUNT(*) FROM concert c JOIN singer_in_concert sic ON c.concert_ID = sic.concert_ID JOIN stadium st ON c.stadium_ID = st.Stadium_ID WHERE st.Capacity = (SELECT MAX(Capacity) FROM stadium),1.1496,granite3.3:2b,2025-12-06T15:19:19.279186
46,pets_1,Find the number of pets whose weight is heavier than 10 .,SELECT COUNT(*) FROM Student AS T1 JOIN Has_Pet AS T2 ON T1.StuID = T2.StuID WHERE T2.pet_age > 10 AND weight > 10,0.9629,granite3.3:2b,2025-12-06T15:19:20.244460
47,pets_1,How many pets have a greater weight than 10 ?,SELECT COUNT(*) FROM Student AS T1 JOIN Has_Pet AS T2 ON T1.StuID = T2.StuID WHERE T2.pet_age > 10,0.7921,granite3.3:2b,2025-12-06T15:19:21.038794
48,pets_1,Find the weight of the youngest dog .,SELECT T1.weight FROM Student AS T1 JOIN Has_Pet AS T2 ON T1.StuID = T2.StuID JOIN Pets AS T3 ON T2.PetID = T3.PetID WHERE T3.PetType = 'dog' AND T1.Age = (SELECT MIN(Age) FROM Student),1.3894,granite3.3:2b,2025-12-06T15:19:22.429568
49,pets_1,How much does the youngest dog weigh ?,SELECT T1.weight FROM Student AS T1 JOIN Has_Pet AS T2 ON T1.StuID = T2.StuID WHERE T2.PetType = 'dog' AND T2.pet_age = (SELECT MIN(pet_age) FROM Pets),1.101,granite3.3:2b,2025-12-06T15:19:23.532092
50,pets_1,Find the maximum weight for each type of pet . List the maximum weight and pet type .,"SELECT MAX(pettype, weight) AS max_weight_pettype FROM student JOIN has_pet ON student.StuID = has_pet.StuID JOIN pets ON has_pet.PetID = pets.PetID GROUP BY pettype",1.1465,granite3.3:2b,2025-12-06T15:19:24.679598
51,pets_1,List the maximum weight and type for each type of pet .,"SELECT p.PetType, MAX(p.weight) FROM Pets AS p GROUP BY p.PetType",0.5497,granite3.3:2b,2025-12-06T15:19:25.230352
52,pets_1,Find number of pets owned by students who are older than 20 .,SELECT COUNT(*) FROM Student AS T1 JOIN Has_Pet AS T2 ON T1.StuID = T2.StuID WHERE T1.Age > 20,0.8811,granite3.3:2b,2025-12-06T15:19:26.112477
53,pets_1,How many pets are owned by students that have an age greater than 20 ?,SELECT COUNT(*) FROM Student AS T1 JOIN Has_Pet AS T2 ON T1.StuID = T2.StuID WHERE T1.Age > 20,0.7591,granite3.3:2b,2025-12-06T15:19:26.877126
54,pets_1,Find the number of dog pets that are raised by female students ( with sex F ) .,SELECT COUNT(T1.PetID) FROM Student AS T1 JOIN Has_Pet AS T2 ON T1.StuID = T2.StuID WHERE T1.Sex = 'F' AND T2.PetType = 'Dog',1.0045,granite3.3:2b,2025-12-06T15:19:27.882723
55,pets_1,How many dog pets are raised by female students ?,SELECT COUNT(*) FROM Student AS T1 JOIN Has_Pet AS T2 ON T1.StuID = T2.StuID WHERE T1.Sex = 'F' AND T2.PetType = 'dog',0.8967,granite3.3:2b,2025-12-06T15:19:28.781466
56,pets_1,Find the number of distinct type of pets .,SELECT COUNT(DISTINCT PetType) FROM Student JOIN Has_Pet ON Student.StuID = Has_Pet.StuID JOIN Pets ON Has_Pet.PetID = Pets.PetID,0.8359,granite3.3:2b,2025-12-06T15:19:29.618388
57,pets_1,How many different types of pet are there ?,SELECT COUNT(DISTINCT PetType) FROM Student JOIN Has_Pet ON Student.StuID = Has_Pet.StuID JOIN Pets ON Has_Pet.PetID = Pets.PetID,0.8369,granite3.3:2b,2025-12-06T15:19:30.455284
58,pets_1,Find the first name of students who have cat or dog pet .,"SELECT T1.fname FROM Student AS T1 JOIN Has_Pet AS T2 ON T1.StuID = T2.StuID WHERE T2.PetType IN ('cat', 'dog')",0.9473,granite3.3:2b,2025-12-06T15:19:31.403577
59,pets_1,What are the first names of every student who has a cat or dog as a pet ?,"SELECT T1.fname FROM Student AS T1 JOIN Has_Pet AS T2 ON T1.StuID = T2.StuID WHERE T2.PetType IN ('cat', 'dog')",0.9539,granite3.3:2b,2025-12-06T15:19:32.358546
60,pets_1,Find the first name of students who have both cat and dog pets .,SELECT T1.fname FROM Student AS T1 INTERSECT SELECT T2.Fname FROM Has_Pet AS T1 JOIN Pets AS T2 ON T1.StuID = T2.PetID WHERE T2.PetType = 'cat' INTERSECT SELECT T1.Fname FROM Student AS T1 JOIN Has_Pet AS T3 ON T1.StuID = T3.StuID WHERE T3.PetID = (SELECT PetID FROM Pets WHERE PetType = 'dog'),1.9471,granite3.3:2b,2025-12-06T15:19:34.308147
61,pets_1,What are the students ' first names who have both cats and dogs as pets ?,SELECT T1.fname FROM Student AS T1 JOIN Has_Pet AS T2 ON T1.StuID = T2.StuID WHERE T2.PetType = 'cat' INTERSECT SELECT T1.fname FROM Student AS T1 JOIN Has_Pet AS T3 ON T1.StuID = T3.StuID WHERE T3.PetType = 'dog',1.46,granite3.3:2b,2025-12-06T15:19:35.770564
62,pets_1,Find the major and age of students who do not have a cat pet .,"SELECT StuID, LName, Fname, Age, Major FROM Student T1 LEFT JOIN Has_Pet T2 ON T1.StuID = T2.StuID WHERE T2.PetID IS NULL AND PetType != 'Cat'",1.1522,granite3.3:2b,2025-12-06T15:19:36.924729
63,pets_1,"What major is every student who does not own a cat as a pet , and also how old are they ?","SELECT S.LName, S.Fname, S.Major, P.pet_age, P.weight FROM Student AS S WHERE S.Sex != 'Cat' AND P.PetType != 'Cat'",1.6232,granite3.3:2b,2025-12-06T15:19:38.551021
64,pets_1,Find the id of students who do not have a cat pet .,SELECT StuID FROM Student WHERE StuID NOT IN (SELECT StuID FROM Has_Pet WHERE PetType = 'cat'),0.6946,granite3.3:2b,2025-12-06T15:19:39.247694
65,pets_1,What are the ids of the students who do not own cats as pets ?,SELECT StuID FROM Student EXCEPT SELECT StuID FROM Has_Pet WHERE PetType = 'cat',0.4979,granite3.3:2b,2025-12-06T15:19:39.746757
66,pets_1,Find the first name and age of students who have a dog but do not have a cat as a pet .,"SELECT T1.fname, T1.Age FROM Student AS T1 JOIN Has_Pet AS T2 ON T1.StuID = T2.StuID WHERE T2.PetType = 'dog' AND T2.PetID NOT IN (SELECT PetID FROM Pets WHERE PetType = 'cat')",1.2259,granite3.3:2b,2025-12-06T15:19:40.973682
67,pets_1,What is the first name of every student who has a dog but does not have a cat ?,SELECT T1.fname FROM Student AS T1 WHERE T2.PetType = 'dog' AND T2.PetType != 'cat',1.0949,granite3.3:2b,2025-12-06T15:19:42.068603
68,pets_1,Find the type and weight of the youngest pet .,"SELECT PetType, weight FROM pets WHERE pet_age = (SELECT MIN(pet_age) FROM pets)",0.65,granite3.3:2b,2025-12-06T15:19:42.720582
69,pets_1,"What type of pet is the youngest animal , and how much does it weigh ?","SELECT T1.PetType, MAX(T2.weight) FROM Student AS T1 JOIN Has_Pet AS T2 ON T1.StuID = T2.StuID JOIN Pets AS T3 ON T2.PetID = T3.PetID WHERE T3.pet_age = (SELECT pet_age FROM Pets GROUP BY PetType ORDER BY MAX(pet_age) LIMIT 1) GROUP BY T1.PetType",1.651,granite3.3:2b,2025-12-06T15:19:44.373609
70,pets_1,Find the id and weight of all pets whose age is older than 1 .,"SELECT T1.StuID, T3.weight FROM Student AS T1 JOIN Has_Pet AS T2 ON T1.StuID = T2.StuID JOIN Pets AS T3 ON T2.PetID = T3.PetID WHERE T3.pet_age > 1",1.1962,granite3.3:2b,2025-12-06T15:19:45.572818
71,pets_1,What is the id and weight of every pet who is older than 1 ?,"SELECT T1.StuID, T3.weight FROM Student AS T1 JOIN Has_Pet AS T2 ON T1.StuID = T2.StuID JOIN Pets AS T3 ON T2.PetID = T3.PetID WHERE T3.pet_age > 1",1.2784,granite3.3:2b,2025-12-06T15:19:46.852263
72,pets_1,Find the average and maximum age for each type of pet .,"SELECT p.PetType, AVG(s.Age) AS AverageAge, MAX(s.Age) AS MaxAge FROM Student s",1.3821,granite3.3:2b,2025-12-06T15:19:48.235343
73,pets_1,What is the average and maximum age for each pet type ?,"SELECT p.PetType, AVG(s.Age) AS AverageAge, MAX(s.Age) AS MaxAge FROM Student s",1.2394,granite3.3:2b,2025-12-06T15:19:49.475721
74,pets_1,Find the average weight for each pet type .,"SELECT T1.PetType, AVG(T2.weight) FROM Student AS T1 JOIN Has_Pet AS T2 ON T1.StuID = T2.StuID GROUP BY T1.PetType",0.987,granite3.3:2b,2025-12-06T15:19:50.463833
75,pets_1,What is the average weight for each type of pet ?,"SELECT T1.PetType, AVG(T2.weight) FROM Student AS T1 JOIN Has_Pet AS T2 ON T1.StuID = T2.StuID GROUP BY T1.PetType",0.8969,granite3.3:2b,2025-12-06T15:19:51.360720
76,pets_1,Find the first name and age of students who have a pet .,"SELECT T1.fname, T1.age FROM Student AS T1 JOIN Has_Pet AS T2 ON T1.StuID = T2.StuID",0.8284,granite3.3:2b,2025-12-06T15:19:52.191210
77,pets_1,What are the different first names and ages of the students who do have pets ?,"SELECT LName, Fname, Age FROM Student WHERE StuID IN (SELECT StuID FROM Has_Pet)",0.5702,granite3.3:2b,2025-12-06T15:19:52.762421
78,pets_1,Find the id of the pet owned by student whose last name is ‘Smith’ .,SELECT T1.StuID FROM Student AS T1 JOIN Has_Pet AS T2 ON T1.StuID = T2.StuID WHERE LName = 'Smith',0.7953,granite3.3:2b,2025-12-06T15:19:53.558736
79,pets_1,What is the id of the pet owned by the student whose last name is 'Smith ' ?,SELECT T1.StuID FROM Student AS T1 JOIN Has_Pet AS T2 ON T1.StuID = T2.StuID WHERE LName = 'Smith',0.7861,granite3.3:2b,2025-12-06T15:19:54.345865
80,pets_1,Find the number of pets for each student who has any pet and student id .,"SELECT T1.StuID, COUNT(T2.PetID) FROM Student AS T1 JOIN Has_Pet AS T2 ON T1.StuID = T2.StuID GROUP BY T1.StuID HAVING COUNT(T2.PetID) > 0",1.2585,granite3.3:2b,2025-12-06T15:19:55.606400
81,pets_1,"For students who have pets , how many pets does each student have ? list their ids instead of names .","SELECT T1.StuID, COUNT(T2.PetID) FROM Student AS T1 JOIN Has_Pet AS T2 ON T1.StuID = T2.StuID GROUP BY T1.StuID",0.9525,granite3.3:2b,2025-12-06T15:19:56.560408
82,pets_1,Find the first name and gender of student who have more than one pet .,"SELECT T1.fname, T1.sex FROM Student AS T1 JOIN Has_Pet AS T2 ON T1.StuID = T2.StuID GROUP BY T1.StuID HAVING COUNT(DISTINCT T2.StuID) > 1",1.1952,granite3.3:2b,2025-12-06T15:19:57.756618
83,pets_1,What is the first name and gender of the all the students who have more than one pet ?,"SELECT T1.fname, T1.sex FROM Student AS T1 JOIN Has_Pet AS T2 ON T1.StuID = T2.StuID GROUP BY T1.StuID HAVING COUNT(T2.StuID) > 1",1.0815,granite3.3:2b,2025-12-06T15:19:58.840611
84,pets_1,Find the last name of the student who has a cat that is age 3 .,SELECT LName FROM Student AS T1 JOIN Has_Pet AS T2 ON T1.StuID = T2.StuID JOIN Pets AS T3 ON T2.PetID = T3.PetID WHERE T3.PetType = 'cat' AND T3.pet_age = 3,1.299,granite3.3:2b,2025-12-06T15:20:00.140649
85,pets_1,What is the last name of the student who has a cat that is 3 years old ?,SELECT LName FROM Student WHERE PetType = 'cat' AND pet_age = 3,1.0759,granite3.3:2b,2025-12-06T15:20:01.218583
86,pets_1,Find the average age of students who do not have any pet .,SELECT AVG(StuID.Age) FROM Student STUID LEFT JOIN Has_Pet HP ON STUID.StuID = HP.StuID WHERE HP.StuID IS NULL,0.9294,granite3.3:2b,2025-12-06T15:20:02.147988
87,pets_1,What is the average age for all students who do not own any pets ?,SELECT AVG(StuID.Age) FROM Student LEFT JOIN Has_Pet ON StuID.StuID = Has_Pet.StuID WHERE Has_Pet.StuID IS NULL,0.9345,granite3.3:2b,2025-12-06T15:20:03.083570
88,employee_hire_evaluation,How many employees are there ?,SELECT COUNT(Employee_ID) FROM employee,0.4033,granite3.3:2b,2025-12-06T15:20:03.487858
89,employee_hire_evaluation,Count the number of employees,SELECT COUNT(Employee_ID) FROM employee,0.2989,granite3.3:2b,2025-12-06T15:20:03.787955
90,employee_hire_evaluation,Sort employee names by their age in ascending order .,SELECT Name FROM employee ORDER BY Age ASC,0.3996,granite3.3:2b,2025-12-06T15:20:04.188842
91,employee_hire_evaluation,List the names of employees and sort in ascending order of age .,"SELECT Name, Age FROM employee ORDER BY Age ASC",0.3268,granite3.3:2b,2025-12-06T15:20:04.518108
92,employee_hire_evaluation,What is the number of employees from each city ?,"SELECT T1.City, COUNT(T1.Employee_ID) FROM employee AS T1 JOIN shop AS T2 ON T1.Employee_ID = T2.Manager_name GROUP BY T1.City",0.9598,granite3.3:2b,2025-12-06T15:20:05.477920
93,employee_hire_evaluation,Count the number of employees for each city .,"SELECT T1.City, COUNT(DISTINCT T1.Employee_ID) FROM employee AS T1 JOIN hiring ON T1.Employee_ID = T2.Employee_ID GROUP BY T1.City",0.9768,granite3.3:2b,2025-12-06T15:20:06.456407
94,employee_hire_evaluation,Which cities do more than one employee under age 30 come from ?,SELECT T1.City FROM employee AS T1 JOIN hiring AS T2 ON T1.Employee_ID = T2.Employee_ID WHERE T1.Age < 30 GROUP BY T1.City HAVING COUNT(DISTINCT T1.Employee_ID) > 1,1.2187,granite3.3:2b,2025-12-06T15:20:07.676756
95,employee_hire_evaluation,Find the cities that have more than one employee under age 30 .,SELECT T1.City FROM employee AS T1 JOIN hiring AS T2 ON T1.Employee_ID = T2.Employee_ID WHERE T1.Age < 30 GROUP BY T1.City HAVING COUNT(DISTINCT T2.Manager_name) > 1,1.1104,granite3.3:2b,2025-12-06T15:20:08.789137
96,employee_hire_evaluation,Find the number of shops in each location .,"SELECT T1.Location, COUNT(DISTINCT T1.Shop_ID) FROM shop AS T1 GROUP BY T1.Location",0.7138,granite3.3:2b,2025-12-06T15:20:09.504353
97,employee_hire_evaluation,How many shops are there in each location ?,"SELECT T1.Location, COUNT(DISTINCT T1.Shop_ID) FROM shop AS T1 GROUP BY T1.Location",0.6078,granite3.3:2b,2025-12-06T15:20:10.114198
98,employee_hire_evaluation,Find the manager name and district of the shop whose number of products is the largest .,"SELECT T1.Manager_name, T3.District FROM employee AS T1 JOIN hiring AS T2 ON T1.Employee_ID = T2.Shop_ID JOIN shop AS T3 ON T2.Shop_ID = T3.Shop_ID WHERE T3.Number_products = (SELECT MAX(Number_products) FROM shop)",1.4341,granite3.3:2b,2025-12-06T15:20:11.549263
99,employee_hire_evaluation,What are the manager name and district of the shop that sells the largest number of products ?,"SELECT T1.Manager_name, T3.District FROM shop AS T1 JOIN hiring AS T2 ON T1.Shop_ID = T2.Shop_ID JOIN employee AS T3 ON T2.Manager_name = T3.Name GROUP BY T1.Shop_ID ORDER BY COUNT(T1.Number_products) DESC LIMIT 1",1.3538,granite3.3:2b,2025-12-06T15:20:12.905091
100,employee_hire_evaluation,find the minimum and maximum number of products of all stores .,"SELECT MIN(Number_products), MAX(Number_products) FROM shop",0.5442,granite3.3:2b,2025-12-06T15:20:13.451316
101,employee_hire_evaluation,What are the minimum and maximum number of products across all the shops ?,"SELECT MIN(Number_products), MAX(Number_products) FROM shop",0.5429,granite3.3:2b,2025-12-06T15:20:13.995255
102,employee_hire_evaluation,"Return the name , location and district of all shops in descending order of number of products .","SELECT T1.Name, T1.Location, T1.District FROM shop AS T1 ORDER BY T1.Number_products DESC",0.7199,granite3.3:2b,2025-12-06T15:20:14.716160
103,employee_hire_evaluation,"Sort all the shops by number products in descending order , and return the name , location and district of each shop .","SELECT T1.Name, T1.Location, T1.District FROM shop AS T1 JOIN hiring AS T2 ON T1.Shop_ID = T2.Shop_ID ORDER BY T1.Number_products DESC",1.0235,granite3.3:2b,2025-12-06T15:20:15.741183
104,employee_hire_evaluation,Find the names of stores whose number products is more than the average number of products .,SELECT T1.Name FROM shop AS T1 WHERE T1.Number_products > (SELECT AVG(T2.Number_products) FROM shop AS T2),0.8403,granite3.3:2b,2025-12-06T15:20:16.582453
105,employee_hire_evaluation,Which shops ' number products is above the average ? Give me the shop names .,SELECT T1.Name FROM shop AS T1 WHERE T1.Number_products > (SELECT AVG(T2.Number_products) FROM shop AS T2),0.8284,granite3.3:2b,2025-12-06T15:20:17.412882
106,employee_hire_evaluation,find the name of employee who was awarded the most times in the evaluation .,SELECT T1.Name FROM employee AS T1 JOIN evaluation AS T2 ON T1.Employee_ID = T2.Employee_ID GROUP BY T2.Employee_ID ORDER BY COUNT(*) DESC LIMIT 1,0.9604,granite3.3:2b,2025-12-06T15:20:18.374274
107,employee_hire_evaluation,Which employee received the most awards in evaluations ? Give me the employee name .,SELECT T1.Name FROM employee AS T1 JOIN evaluation AS T2 ON T1.Employee_ID = T2.Employee_ID GROUP BY T1.Employee_ID ORDER BY COUNT(*) DESC LIMIT 1,0.8542,granite3.3:2b,2025-12-06T15:20:19.230474
108,employee_hire_evaluation,Find the name of the employee who got the highest one time bonus .,SELECT T1.Name FROM employee AS T1 JOIN evaluation AS T2 ON T1.Employee_ID = T2.Employee_ID WHERE Bonus = (SELECT MAX(Bonus) FROM evaluation),0.8034,granite3.3:2b,2025-12-06T15:20:20.034907
109,employee_hire_evaluation,Which employee received the biggest bonus ? Give me the employee name .,SELECT T1.Name FROM evaluation AS T1 JOIN employee AS T2 ON T1.Employee_ID = T2.Employee_ID ORDER BY Bonus DESC LIMIT 1,0.8527,granite3.3:2b,2025-12-06T15:20:20.888900
110,employee_hire_evaluation,Find the names of employees who never won any award in the evaluation .,SELECT e.Name FROM employee e LEFT JOIN hiring h ON e.Employee_ID = h.Employee_ID WHERE h.Is_full_time IS NULL OR h.Start_from IS NULL,0.8177,granite3.3:2b,2025-12-06T15:20:21.706571
111,employee_hire_evaluation,What are the names of the employees who never received any evaluation ?,SELECT e.Name FROM employee e LEFT JOIN hiring h ON e.Employee_ID = h.Employee_ID WHERE h.Employee_ID IS NULL,0.6446,granite3.3:2b,2025-12-06T15:20:22.352740
112,employee_hire_evaluation,What is the name of the shop that is hiring the largest number of employees ?,SELECT T1.Name FROM shop AS T1 JOIN hiring AS T2 ON T1.Shop_ID = T2.Shop_ID GROUP BY T1.Name ORDER BY COUNT(T2.Employee_ID) DESC LIMIT 1,1.0641,granite3.3:2b,2025-12-06T15:20:23.417853
113,employee_hire_evaluation,Which shop has the most employees ? Give me the shop name .,SELECT T1.Name FROM shop AS T1 GROUP BY T1.Shop_ID ORDER BY COUNT(*) DESC LIMIT 1,0.671,granite3.3:2b,2025-12-06T15:20:24.088855
114,employee_hire_evaluation,Find the name of the shops that do not hire any employee .,SELECT T1.Name FROM shop AS T1 LEFT JOIN hiring AS T2 ON T1.Shop_ID = T2.Shop_ID WHERE T2.Employee_ID IS NULL,0.8898,granite3.3:2b,2025-12-06T15:20:24.979667
115,employee_hire_evaluation,Which shops run with no employees ? Find the shop names,SELECT T3.Name FROM shop AS T1 EXCEPT SELECT T2.Employee_ID FROM hiring AS T2 JOIN employee AS T3 ON T2.Employee_ID = T3.Employee_ID,0.9287,granite3.3:2b,2025-12-06T15:20:25.910414
116,employee_hire_evaluation,Find the number of employees hired in each shop ; show the shop name as well .,"SELECT T1.Shop_ID, COUNT(T2.Employee_ID) FROM employee AS T2 JOIN hiring AS T1 ON T2.Employee_ID = T1.Employee_ID GROUP BY T1.Shop_ID",1.0464,granite3.3:2b,2025-12-06T15:20:26.958850
117,employee_hire_evaluation,"For each shop , return the number of employees working there and the name of the shop .","SELECT T1.Name, COUNT(T3.Employee_ID) FROM shop AS T1 JOIN hiring AS T2 ON T1.Shop_ID = T2.Shop_ID JOIN employee AS T3 ON T2.Employee_ID = T3.Employee_ID GROUP BY T1.Name",1.2978,granite3.3:2b,2025-12-06T15:20:28.258927
118,employee_hire_evaluation,What is total bonus given in all evaluations ?,SELECT SUM(evaluation.Bonus) FROM evaluation JOIN hiring ON evaluation.Employee_ID = hiring.Employee_ID,0.6477,granite3.3:2b,2025-12-06T15:20:28.907641
119,employee_hire_evaluation,Find the total amount of bonus given in all the evaluations .,SELECT SUM(evaluation.Bonus) FROM evaluation INNER JOIN employee ON evaluation.Employee_ID = employee.Employee_ID,0.5271,granite3.3:2b,2025-12-06T15:20:29.435811
120,employee_hire_evaluation,Give me all the information about hiring .,SELECT * FROM hiring,0.3408,granite3.3:2b,2025-12-06T15:20:29.777658
121,employee_hire_evaluation,What is all the information about hiring ?,SELECT * FROM shop INNER JOIN hiring ON shop.Shop_ID = hiring.Shop_ID,0.4751,granite3.3:2b,2025-12-06T15:20:30.254715
122,employee_hire_evaluation,Which district has both stores with less than 3000 products and stores with more than 10000 products ?,SELECT District FROM shop WHERE Shop_ID IN (SELECT Shop_ID FROM hiring WHERE Start_from = 'before_2020' INTERSECT SELECT Shop_ID FROM hiring WHERE Start_from = '2020_or_after') AND Number_products IN (SELECT Number_products FROM shop WHERE District = (SELECT District FROM shop WHERE Shop_ID IN (SELECT Shop_ID FROM hiring WHERE Start_from = 'before_2020' INTERSECT SELECT Shop_ID FROM hiring WHERE Start_from = '2020_or_after)) < 3000 UNION SELECT Number_products FROM shop WHERE District = (SELECT District FROM shop WHERE Shop_ID IN (Select Shop_ID From hiring Where Start_from = 'before_2020' INTERSECT Select Shop_ID From hiring Where Start_from = '2020_or_after'))) AND Number_products IN (SELECT Number_products FROM shop WHERE District != (SELECT District FROM shop WHERE Shop_ID IN (Select Shop_ID From hiring Where Start_from = 'before_2020' INTERSECT Select Shop_ID From hiring Where Start_from = '2020_or_after))),4.3602,granite3.3:2b,2025-12-06T15:20:34.616982
123,employee_hire_evaluation,Find the districts in which there are both shops selling less than 3000 products and shops selling more than 10000 products .,SELECT T2.District FROM shop AS T1 JOIN employee_in_shop AS T2 ON T1.Shop_ID = T2.Shop_ID WHERE T1.Number_products < 3000 INTERSECT SELECT T2.District FROM shop AS T1 JOIN employee_in_shop AS T2 ON T1.Shop_ID = T2.Shop_ID WHERE T1.Number_products > 10000,1.6371,granite3.3:2b,2025-12-06T15:20:36.255283
124,employee_hire_evaluation,How many different store locations are there ?,SELECT COUNT(DISTINCT Location) FROM shop,0.4128,granite3.3:2b,2025-12-06T15:20:36.668928
125,employee_hire_evaluation,Count the number of distinct store locations .,SELECT COUNT(DISTINCT Location) FROM shop,0.2954,granite3.3:2b,2025-12-06T15:20:36.964284
126,orchestra,How many conductors are there ?,SELECT COUNT(*) FROM conductor,0.3939,granite3.3:2b,2025-12-06T15:20:37.360146
127,orchestra,Count the number of conductors .,SELECT COUNT(DISTINCT Conductor_ID) FROM conductor,0.3562,granite3.3:2b,2025-12-06T15:20:37.717339
128,orchestra,List the names of conductors in ascending order of age .,SELECT Name FROM conductor ORDER BY Age ASC,0.4577,granite3.3:2b,2025-12-06T15:20:38.175829
129,orchestra,"What are the names of conductors , ordered by age ?","SELECT Name, Age FROM conductor ORDER BY Age DESC",0.3273,granite3.3:2b,2025-12-06T15:20:38.504136
130,orchestra,What are the names of conductors whose nationalities are not `` USA '' ?,SELECT Name FROM conductor WHERE Nationality != 'USA',0.5139,granite3.3:2b,2025-12-06T15:20:39.019032
131,orchestra,Return the names of conductors that do not have the nationality `` USA '' .,SELECT Name FROM conductor WHERE Nationality != 'USA',0.3647,granite3.3:2b,2025-12-06T15:20:39.385867
132,orchestra,What are the record companies of orchestras in descending order of years in which they were founded ?,"SELECT T2.Record_Company, T3.Year_of_Founded FROM conductor AS T1 JOIN orchestra AS T2 ON T1.Conductor_ID = T2.Condutor_ID JOIN performance AS T3 ON T2.Orchestra_ID = T3.Orchestra_ID ORDER BY T3.Year_of_Founded DESC",1.5226,granite3.3:2b,2025-12-06T15:20:40.910544
133,orchestra,"Return the record companies of orchestras , sorted descending by the years in which they were founded .",SELECT T1.Record_Company FROM conductor JOIN orchestra ON conductor.Conductor_ID = orchestra.Conductor_ID WHERE orchestra.Year_of_Founded IS NOT NULL ORDER BY orchestra.Year_of_Founded DESC,1.0277,granite3.3:2b,2025-12-06T15:20:41.939240
134,orchestra,What is the average attendance of shows ?,SELECT AVG(Attendance) FROM show,0.4289,granite3.3:2b,2025-12-06T15:20:42.369140
135,orchestra,Return the average attendance across all shows .,SELECT AVG(show.Attendance) FROM show JOIN performance ON show.Performance_ID = performance.Performance_ID,0.5428,granite3.3:2b,2025-12-06T15:20:42.911943
136,orchestra,What are the maximum and minimum share of performances whose type is not `` Live final '' .,"SELECT MAX(T3.Share), MIN(T3.Share) FROM show AS T1 JOIN performance_id AS T2 ON T1.Performance_ID = T2.Performance_ID JOIN orchestra AS T3 ON T2.Orchestra_ID = T3.Orchestra_ID WHERE T3.Type != 'Live final'",1.4913,granite3.3:2b,2025-12-06T15:20:44.404712
137,orchestra,Return the maximum and minimum shares for performances that do not have the type `` Live final '' .,"SELECT MAX(T3.Share), MIN(T3.Share) FROM show AS T1 JOIN performance AS T2 ON T1.Performance_ID = T2.Performance_ID JOIN orchestra AS T3 ON T2.Orchestra_ID = T3.Orchestra_ID WHERE T2.Type != 'Live final'",1.2689,granite3.3:2b,2025-12-06T15:20:45.675642
138,orchestra,How many different nationalities do conductors have ?,SELECT COUNT(DISTINCT Nationality) FROM conductor,0.4825,granite3.3:2b,2025-12-06T15:20:46.159156
139,orchestra,Count the number of different nationalities of conductors .,SELECT COUNT(DISTINCT Nationality) FROM conductor,0.3242,granite3.3:2b,2025-12-06T15:20:46.485379
140,orchestra,List names of conductors in descending order of years of work .,SELECT Name FROM conductor ORDER BY Year_of_Work DESC,0.5092,granite3.3:2b,2025-12-06T15:20:46.995590
141,orchestra,"What are the names of conductors , sorted descending by the number of years they have worked ?","SELECT Name, COUNT(*) FROM conductor GROUP BY Name ORDER BY Count(*) DESC",0.5729,granite3.3:2b,2025-12-06T15:20:47.569513
142,orchestra,List the name of the conductor with the most years of work .,SELECT Name FROM conductor WHERE Age = (SELECT MAX(Age) FROM conductor),0.6141,granite3.3:2b,2025-12-06T15:20:48.185606
143,orchestra,What is the name of the conductor who has worked the greatest number of years ?,SELECT Name FROM conductor WHERE Year_of_Work = (SELECT MAX(Year_of_Work) FROM conductor),0.7214,granite3.3:2b,2025-12-06T15:20:48.907972
144,orchestra,Show the names of conductors and the orchestras they have conducted .,"SELECT T1.Name, T3.Orchestra FROM conductor AS T1 JOIN orchestra AS T2 ON T1.Conductor_ID = T2.Conductor_ID JOIN performance AS T3 ON T2.Orchestra_ID = T3.Orchestra_ID",1.2585,granite3.3:2b,2025-12-06T15:20:50.167717
145,orchestra,What are the names of conductors as well as the corresonding orchestras that they have conducted ?,"SELECT T1.Name, T3.Orchestra FROM conductor AS T1",1.3144,granite3.3:2b,2025-12-06T15:20:51.482129
146,orchestra,Show the names of conductors that have conducted more than one orchestras .,SELECT T1.Name FROM conductor AS T1 JOIN performance_orchestra AS T2 ON T1.Conductor_ID = T2.Conductor_ID GROUP BY T1.Name HAVING COUNT(DISTINCT T2.Orchestra_ID) > 1,1.2765,granite3.3:2b,2025-12-06T15:20:52.759655
147,orchestra,What are the names of conductors who have conducted at more than one orchestra ?,SELECT T1.Name FROM conductor AS T1 JOIN performance_orchestra AS T2 ON T1.Conductor_ID = T2.Conductor_ID GROUP BY T1.Name HAVING COUNT(DISTINCT T2.Orchestra) > 1,1.0821,granite3.3:2b,2025-12-06T15:20:53.842790
148,orchestra,Show the name of the conductor that has conducted the most number of orchestras .,SELECT T1.Name FROM conductor AS T1 JOIN orchestra AS T2 ON T1.Conductor_ID = T2.Conductor_ID GROUP BY T1.Name ORDER BY COUNT(*) DESC LIMIT 1,1.102,granite3.3:2b,2025-12-06T15:20:54.945798
149,orchestra,What is the name of the conductor who has conducted the most orchestras ?,SELECT T1.Name FROM conductor AS T1 JOIN orchestra AS T2 ON T1.Conductor_ID = T2.Conductor_ID GROUP BY T1.Name ORDER BY COUNT(*) DESC LIMIT 1,1.0853,granite3.3:2b,2025-12-06T15:20:56.033138
150,orchestra,Please show the name of the conductor that has conducted orchestras founded after 2008 .,SELECT Name FROM conductor WHERE Year_of_Work > 2008,0.582,granite3.3:2b,2025-12-06T15:20:56.616280
151,orchestra,What are the names of conductors who have conducted orchestras founded after the year 2008 ?,SELECT T1.Name FROM conductor AS T1 JOIN orchestra AS T2 ON T1.Conductor_ID = T2.Orchestra_ID WHERE T2.Year_of_Founded > 2008,0.9435,granite3.3:2b,2025-12-06T15:20:57.561348
152,orchestra,Please show the different record companies and the corresponding number of orchestras .,"SELECT Record_Company, COUNT(DISTINCT Orchestra_ID) FROM conductor c JOIN orchestra o ON c.Conductor_ID = o.Orchestra_ID GROUP BY Record_Company",0.9882,granite3.3:2b,2025-12-06T15:20:58.551050
153,orchestra,How many orchestras does each record company manage ?,"SELECT T1.Record_Company, COUNT(DISTINCT T3.Orchestra_ID) FROM conductor AS T1 JOIN orchestra AS T2 ON T1.Conductor_ID = T2.Condutor_ID JOIN performance AS T3 ON T2.Orchestra_ID = T3.Orchestra_ID GROUP BY T1.Record_Company",1.5017,granite3.3:2b,2025-12-06T15:21:00.054544
154,orchestra,Please show the record formats of orchestras in ascending order of count .,SELECT Major_Record_Format FROM orchestra WHERE Conductor_ID IN (SELECT T2.Orchestra_ID FROM performance AS T1 JOIN conductor AS T2 ON T1.Orchestra_ID = T2.Orchestra_ID GROUP BY T1.Orchestra_ID ORDER BY COUNT(*) DESC LIMIT 1) ORDER BY Major_Record_Format ASC,1.4987,granite3.3:2b,2025-12-06T15:21:01.554273
155,orchestra,"What are the major record formats of orchestras , sorted by their frequency ?","SELECT Major_Record_Format, COUNT(*) FROM performance JOIN orchestra ON performance.Orchestra_ID = orchestra.Orchestra_ID GROUP BY Major_Record_Format ORDER BY COUNT(*) DESC",0.9369,granite3.3:2b,2025-12-06T15:21:02.492224
156,orchestra,List the record company shared by the most number of orchestras .,SELECT Record_Company FROM conductor c JOIN orchestra o ON c.Conductor_ID = o.Conductor_ID GROUP BY Record_Company ORDER BY COUNT(*) DESC LIMIT 1,0.965,granite3.3:2b,2025-12-06T15:21:03.459243
157,orchestra,What is the record company used by the greatest number of orchestras ?,SELECT Record_Company FROM conductor JOIN orchestra ON conductor.Conductor_ID = orchestra.Conductor_ID GROUP BY Record_Company ORDER BY COUNT(*) DESC LIMIT 1,0.9584,granite3.3:2b,2025-12-06T15:21:04.418953
158,orchestra,List the names of orchestras that have no performance .,SELECT Orchestra FROM orchestra WHERE Orchestra_ID NOT IN (SELECT Orchestra_ID FROM performance),0.6961,granite3.3:2b,2025-12-06T15:21:05.115035
159,orchestra,What are the orchestras that do not have any performances ?,SELECT Orchestra FROM conductor EXCEPT SELECT orchestra FROM performance,0.5357,granite3.3:2b,2025-12-06T15:21:05.650749
160,orchestra,Show the record companies shared by orchestras founded before 2003 and after 2003 .,SELECT Record_Company FROM conductor JOIN orchestra ON conductor.Conductor_ID = orchestra.Conductor_ID WHERE Year_of_Founded < 2003 INTERSECT SELECT Record_Company FROM conductor JOIN orchestra ON conductor.Conductor_ID = orchestra.Conductor_ID WHERE Year_of_Founded > 2003,1.6045,granite3.3:2b,2025-12-06T15:21:07.256263
161,orchestra,What are the record companies that are used by both orchestras founded before 2003 and those founded after 2003 ?,SELECT distinct Record_Company FROM conductor c JOIN orchestra o ON c.Conductor_ID = o.Orchestra_ID WHERE c.Year_of_Work < 2003 INTERSECT SELECT distinct Record_Company FROM conductor c JOIN orchestra o ON c.Conductor_ID = o.Orchestra_ID WHERE c.Year_of_Work > 2003,1.687,granite3.3:2b,2025-12-06T15:21:08.944649
162,orchestra,Find the number of orchestras whose record format is `` CD '' or `` DVD '' .,SELECT COUNT(*) FROM orchestra WHERE Major_Record_Format = 'CD' INTERSECT SELECT COUNT(*) FROM orchestra WHERE Major_Record_Format = 'DVD',0.886,granite3.3:2b,2025-12-06T15:21:09.832752
163,orchestra,Count the number of orchestras that have CD or DVD as their record format .,SELECT COUNT(*) FROM conductor c JOIN orchestra o ON c.Conductor_ID = o.Orchestra_ID WHERE o.Major_Record_Format = 'CD' OR o.Major_Record_Format = 'DVD',0.9562,granite3.3:2b,2025-12-06T15:21:10.790974
164,orchestra,Show the years in which orchestras that have given more than one performance are founded .,SELECT DISTINCT Year_of_Founded FROM conductor c JOIN orchestra o ON c.Conductor_ID = o.Orchestra_ID WHERE o.Performance_ID IN (SELECT Performance_ID FROM performance GROUP BY Performance_ID HAVING COUNT(*) > 1),1.2397,granite3.3:2b,2025-12-06T15:21:12.031637
165,orchestra,What are years of founding for orchestras that have had more than a single performance ?,SELECT Year_of_Founded FROM conductor JOIN orchestra ON conductor.Conductor_ID = orchestra.Orchestra_ID WHERE Orchestra_ID IN (SELECT Orchestra_ID FROM performance GROUP BY Orchestra_ID HAVING COUNT(*) > 1),1.1441,granite3.3:2b,2025-12-06T15:21:13.178020
166,singer,How many singers are there ?,SELECT COUNT(DISTINCT Singer_ID) FROM singer,0.4483,granite3.3:2b,2025-12-06T15:21:13.626275
167,singer,What is the count of singers ?,SELECT COUNT(DISTINCT Singer_ID) FROM singer,0.3501,granite3.3:2b,2025-12-06T15:21:13.977844
168,singer,List the name of singers in ascending order of net worth .,SELECT T1.Name FROM singer AS T1 ORDER BY T1.Net_Worth_Millions ASC,0.6263,granite3.3:2b,2025-12-06T15:21:14.606665
169,singer,What are the names of singers ordered by ascending net worth ?,SELECT T1.Name FROM singer AS T1 ORDER BY T1.Net_Worth_Millions ASC,0.5429,granite3.3:2b,2025-12-06T15:21:15.150542
170,singer,What are the birth year and citizenship of singers ?,"SELECT Singer_ID, Birth_Year, Citizenship FROM singer",0.5182,granite3.3:2b,2025-12-06T15:21:15.669776
171,singer,What are the birth years and citizenships of the singers ?,"SELECT Singer_ID, Birth_Year, Citizenship FROM singer",0.43,granite3.3:2b,2025-12-06T15:21:16.099760
172,singer,List the name of singers whose citizenship is not `` France '' .,"SELECT Song_ID, Title FROM song WHERE Singer_ID NOT IN (SELECT Singer_ID FROM singer WHERE Citizenship = 'France')",0.7733,granite3.3:2b,2025-12-06T15:21:16.875305
173,singer,What are the names of the singers who are not French citizens ?,SELECT T1.Name FROM singer AS T1 WHERE T1.Citizenship != 'French',0.5465,granite3.3:2b,2025-12-06T15:21:17.424349
174,singer,Show the name of singers whose birth year is either 1948 or 1949 ?,SELECT s.Name FROM singer AS s WHERE Singer_ID IN (SELECT Song_ID FROM song WHERE Birth_Year = 1948) INTERSECT SELECT s.Name FROM singer AS s WHERE Singer_ID IN (SELECT Song_ID FROM song WHERE Birth_Year = 1949),1.3512,granite3.3:2b,2025-12-06T15:21:18.776076
175,singer,What are the names of the singers whose birth years are either 1948 or 1949 ?,SELECT T1.Name FROM singer AS T1 WHERE T1.Birth_Year = 1948 INTERSECT SELECT T1.Name FROM singer AS T1 WHERE T1.Birth_Year = 1949,0.935,granite3.3:2b,2025-12-06T15:21:19.712581
176,singer,What is the name of the singer with the largest net worth ?,SELECT T1.Name FROM singer AS T1 WHERE T1.Net_Worth_Millions = (SELECT MAX(Net_Worth_Millions) FROM singer),0.8748,granite3.3:2b,2025-12-06T15:21:20.588447
177,singer,What is the name of the singer who is worth the most ?,SELECT T1.Name FROM singer AS T1 JOIN song AS T2 ON T1.Singer_ID = T2.Singer_ID WHERE T1.Net_Worth_Millions = (SELECT MAX(Net_Worth_Millions) FROM singer),1.1021,granite3.3:2b,2025-12-06T15:21:21.691546
178,singer,Show different citizenship of singers and the number of singers of each citizenship .,"SELECT Citizenship, COUNT(*) FROM singer GROUP BY Citizenship",0.5207,granite3.3:2b,2025-12-06T15:21:22.214385
179,singer,"For each citizenship , how many singers are from that country ?","SELECT T1.Citizenship, COUNT(T1.Singer_ID) FROM singer AS T1 GROUP BY T1.Citizenship",0.79,granite3.3:2b,2025-12-06T15:21:23.005482
180,singer,Please show the most common citizenship of singers .,"SELECT Citizenship, COUNT(DISTINCT Singer_ID) AS Singer_Count FROM singer GROUP BY Citizenship ORDER BY Singer_Count DESC LIMIT 1",0.874,granite3.3:2b,2025-12-06T15:21:23.880534
181,singer,What is the most common singer citizenship ?,"SELECT Citizenship, COUNT(DISTINCT Singer_ID) AS Singer_Count FROM singer GROUP BY Citizenship ORDER BY Singer_Count DESC LIMIT 1",0.7725,granite3.3:2b,2025-12-06T15:21:24.655047
182,singer,Show different citizenships and the maximum net worth of singers of each citizenship .,"SELECT Citizenship, MAX(Net_Worth_Millions) FROM singer JOIN song ON singer.Singer_ID = song.Singer_ID GROUP BY Citizenship",0.9268,granite3.3:2b,2025-12-06T15:21:25.582797
183,singer,"For each citizenship , what is the maximum net worth ?","SELECT Citizenship, MAX(Net_Worth_Millions) FROM singer JOIN song ON singer.Singer_ID = song.Singer_ID GROUP BY Citizenship",0.8426,granite3.3:2b,2025-12-06T15:21:26.426424
184,singer,Show titles of songs and names of singers .,"SELECT song.Title, singer.Name FROM singer JOIN song ON singer.Singer_ID = song.Singer_ID",0.6656,granite3.3:2b,2025-12-06T15:21:27.092066
185,singer,What are the song titles and singer names ?,"SELECT T1.Title, T2.Name FROM song AS T1 JOIN singer AS T2 ON T1.Singer_ID = T2.Singer_ID",0.7337,granite3.3:2b,2025-12-06T15:21:27.827805
186,singer,Show distinct names of singers that have songs with sales more than 300000 .,SELECT DISTINCT T1.Name FROM singer AS T1 JOIN song AS T2 ON T1.Singer_ID = T2.Singer_ID WHERE T2.Sales > 300000,0.9489,granite3.3:2b,2025-12-06T15:21:28.777709
187,singer,what are the different names of the singers that have sales more than 300000 ?,SELECT Title FROM song WHERE Sales > 300000,0.3842,granite3.3:2b,2025-12-06T15:21:29.162977
188,singer,Show the names of singers that have more than one song .,SELECT T1.Name FROM singer AS T1 JOIN song AS T2 ON T1.Singer_ID = T2.Singer_ID GROUP BY T1.Name HAVING COUNT(T2.Song_ID) > 1,0.9716,granite3.3:2b,2025-12-06T15:21:30.135689
189,singer,What are the names of the singers that have more than one songs ?,SELECT T1.Name FROM singer AS T1 JOIN song AS T2 ON T1.Singer_ID = T2.Singer_ID GROUP BY T1.Name HAVING COUNT(T2.Song_ID) > 1,0.9784,granite3.3:2b,2025-12-06T15:21:31.115156
190,singer,Show the names of singers and the total sales of their songs .,"SELECT T1.Name, SUM(T2.Sales) FROM singer AS T1 JOIN song AS T2 ON T1.Singer_ID = T2.Singer_ID GROUP BY T1.Name",0.9687,granite3.3:2b,2025-12-06T15:21:32.084831
191,singer,"For each singer name , what is the total sales for their songs ?","SELECT T1.Name, SUM(T2.Sales) FROM singer AS T1 JOIN song AS T2 ON T1.Singer_ID = T2.Singer_ID GROUP BY T1.Name",0.9629,granite3.3:2b,2025-12-06T15:21:33.049216
192,singer,List the name of singers that do not have any song .,SELECT T1.Name FROM singer T1 LEFT JOIN song T2 ON T1.Singer_ID = T2.Singer_ID WHERE T2.Singer_ID IS NULL,0.8765,granite3.3:2b,2025-12-06T15:21:33.927755
193,singer,What is the sname of every sing that does not have any song ?,SELECT s.Name FROM singer s WHERE s.Singer_ID NOT IN (SELECT T2.Singer_ID FROM song T2),0.7646,granite3.3:2b,2025-12-06T15:21:34.693918
194,singer,Show the citizenship shared by singers with birth year before 1945 and after 1955 .,SELECT Citizenship FROM singer WHERE Birth_Year < 1945 INTERSECT SELECT Citizenship FROM singer WHERE Birth_Year > 1955,0.8537,granite3.3:2b,2025-12-06T15:21:35.548600
195,singer,What are the citizenships that are shared by singers with a birth year before 1945 and after 1955 ?,SELECT DISTINCT T1.Citizenship FROM singer AS T1 JOIN song AS T2 ON T1.Singer_ID = T2.Singer_ID WHERE T1.Birth_Year BETWEEN 1945 AND 1955 INTERSECT SELECT DISTINCT T1.Citizenship FROM singer AS T1 JOIN song AS T2 ON T1.Singer_ID = T2.Singer_ID WHERE T1.Birth_Year < 1945 OR T1.Birth_Year > 1955,1.9963,granite3.3:2b,2025-12-06T15:21:37.546177
